ï»¿Country or Area,Year,Avg. Access to electricity (% of population),Avg. Access to electricity (% of rural population),Avg. Human development index (HDI),Avg. Renewable energy consumption (% of total final energy consumption)
Afghanistan,2000,1.61,,0.351,44.99
Afghanistan,2012,69.1,60.85,0.484,15.36
Afghanistan,2013,68.29,60.57,0.492,16.86
Afghanistan,2014,89.5,86.5,0.497,18.93
Afghanistan,2015,71.5,64.57,0.496,17.53
Afghanistan,2016,97.7,97.1,0.495,19.92
Afghanistan,2017,97.7,97.09,0.496,19.21
Afghanistan,2018,96.62,95.59,0.498,17.96
Afghanistan,2019,97.7,97.08,0.507,18.51
Africa Eastern and Southern,2000,19.96,8.62,,65.13
Africa Eastern and Southern,2012,31.68,19.31,,61.08
Africa Eastern and Southern,2013,31.61,18.54,,60.38
Africa Eastern and Southern,2014,31.82,17.49,,60.71
Africa Eastern and Southern,2015,33.74,16.33,,61.11
Africa Western and Central,2000,34.1,16.54,,83.27
Africa Western and Central,2012,44.14,19.82,,79.02
Africa Western and Central,2013,47.03,23.28,,77.45
Africa Western and Central,2014,47.59,22.54,,76.19
Africa Western and Central,2015,46.75,22.79,,76.75
Albania,2000,100,100,0.682,41.36
Albania,2012,99.9,100,0.79,39.91
Albania,2013,100,100,0.793,41.14
Albania,2014,99.95,100,0.797,38.56
Albania,2015,99.98,100,0.797,38.47
Albania,2016,99.89,100,0.797,39.43
Albania,2017,99.89,100,0.798,37.07
Albania,2018,100,100,0.801,38.11
Albania,2019,100,100,0.805,40.2
Algeria,2000,98.97,98.27,0.651,0.43
Algeria,2012,98.76,97.67,0.723,0.18
Algeria,2013,99,97.29,0.727,0.13
Algeria,2014,99.09,97.43,0.732,0.07
Algeria,2015,99.19,97.65,0.737,0.06
Algeria,2016,99.35,98.13,0.743,0.08
Algeria,2017,99.64,99.07,0.746,0.14
Algeria,2018,99.7,99.07,0.749,0.19
Algeria,2019,99.5,98.68,0.753,0.16
American Samoa,2000,,,,0
American Samoa,2012,,,,0.14
American Samoa,2013,,,,0.24
American Samoa,2014,,,,0.23
American Samoa,2015,,,,0.23
American Samoa,2016,,,,0.3
American Samoa,2017,,,,0.49
American Samoa,2018,,,,0.49
American Samoa,2019,,,,0.5
Andorra,2000,100,100,0.825,14.51
Andorra,2012,100,100,0.876,18.76
Andorra,2013,100,100,0.862,19.14
Andorra,2014,100,100,0.866,19.45
Andorra,2015,100,100,0.869,19.32
Andorra,2016,100,100,0.872,19.32
Andorra,2017,100,100,0.873,19.15
Andorra,2018,100,100,0.875,18.58
Andorra,2019,100,100,0.876,18.4
Angola,2000,24.21,3.54,0.391,73.44
Angola,2012,37.13,,0.557,49.47
Angola,2013,38.28,,0.567,47.95
Angola,2014,32,,0.577,48.23
Angola,2015,42,3.82,0.603,47.84
Angola,2016,41.81,,0.609,49.03
Angola,2017,43.01,,0.61,56.25
Angola,2018,45.29,7.33,0.611,57.36
Angola,2019,45.64,,0.611,54.69
Antigua and Barbuda,2000,97.69,96.6,,0
Antigua and Barbuda,2012,100,100,0.833,0.15
Antigua and Barbuda,2013,100,100,0.835,0.15
Antigua and Barbuda,2014,100,100,0.837,0.14
Antigua and Barbuda,2015,100,100,0.839,0.48
Antigua and Barbuda,2016,100,100,0.842,0.6
Antigua and Barbuda,2017,100,100,0.845,0.6
Antigua and Barbuda,2018,100,100,0.85,0.9
Antigua and Barbuda,2019,100,100,0.851,0.91
Arab World,2000,81.12,68.69,,6.64
Arab World,2012,87.29,75.85,,4.26
Arab World,2013,89.3,80.17,,4.33
Arab World,2014,88.28,78.17,,4.22
Arab World,2015,88.89,79.36,,4.13
Argentina,2000,95.78,90.1,0.789,9.85
Argentina,2012,99.23,94.69,0.85,8.61
Argentina,2013,99.34,94.69,0.852,8.91
Argentina,2014,100,100,0.855,9.79
Argentina,2015,99.63,97.09,0.859,9.4
Argentina,2016,99.85,98.84,0.857,9.38
Argentina,2017,100,100,0.861,10.37
Argentina,2018,99.99,99.87,0.861,10.52
Argentina,2019,100,100,0.861,10.74
Armenia,2000,98.9,98.53,0.667,7.16
Armenia,2012,99.63,99.35,0.761,6.56
Armenia,2013,99.42,99.44,0.766,6.77
Armenia,2014,99.71,99.8,0.772,7.08
Armenia,2015,100,100,0.777,10.74
Armenia,2016,99.8,99.8,0.783,13.15
Armenia,2017,99.7,99.53,0.785,12.56
Armenia,2018,99.9,99.9,0.789,11.13
Armenia,2019,100,100,0.796,10.34
Aruba,2000,91.66,100,,0.18
Aruba,2012,100,100,,6.86
Aruba,2013,100,100,,6.89
Aruba,2014,100,100,,6.93
Aruba,2015,100,100,,6.73
Aruba,2016,100,100,,6.99
Aruba,2017,100,100,,6.7
Aruba,2018,100,100,,8.02
Aruba,2019,100,100,,7.48
Australia,2000,100,100,0.897,8.42
Australia,2012,100,100,0.938,8.29
Australia,2013,100,100,0.935,9.21
Australia,2014,100,100,0.937,9.32
Australia,2015,100,100,0.938,9.31
Australia,2016,100,100,0.939,9.42
Australia,2017,100,100,0.94,9.69
Australia,2018,100,100,0.945,9.67
Australia,2019,100,100,0.947,10.13
Austria,2000,100,100,0.879,26.44
Austria,2012,100,100,0.916,34.38
Austria,2013,100,100,0.915,34.59
Austria,2014,100,100,0.919,35.67
Austria,2015,100,100,0.919,34.82
Austria,2016,100,100,0.921,34.64
Austria,2017,100,100,0.922,33.98
Austria,2018,100,100,0.925,34.11
Austria,2019,100,100,0.928,33.77
Azerbaijan,2000,98.91,98.07,0.652,2.07
Azerbaijan,2012,100,100,0.751,2.84
Azerbaijan,2013,100,100,0.757,2.52
Azerbaijan,2014,100,100,0.766,2.12
Azerbaijan,2015,100,100,0.771,2.33
Azerbaijan,2016,100,100,0.772,1.94
Azerbaijan,2017,100,100,0.774,1.91
Azerbaijan,2018,100,100,0.775,1.93
Azerbaijan,2019,100,100,0.78,1.62
Bahamas,2000,100,100,0.787,0
Bahamas,2012,100,100,0.805,1.18
Bahamas,2013,100,100,0.805,0.96
Bahamas,2014,100,100,0.807,1.14
Bahamas,2015,100,100,0.807,1.54
Bahamas,2016,100,100,0.808,1.53
Bahamas,2017,100,100,0.81,1.44
Bahamas,2018,100,100,0.812,1.02
Bahamas,2019,100,100,0.8,1.14
Bahrain,2000,100,100,0.775,0
Bahrain,2012,100,100,0.833,0
Bahrain,2013,100,100,0.846,0
Bahrain,2014,100,100,0.847,0
Bahrain,2015,100,100,0.868,0
Bahrain,2016,100,100,0.871,0
Bahrain,2017,100,100,0.874,0
Bahrain,2018,100,100,0.886,0
Bahrain,2019,100,100,0.894,0
Bangladesh,2000,32,16.81,0.477,59.06
Bangladesh,2012,66.16,54.65,0.583,37.31
Bangladesh,2013,61.5,48.59,0.589,37.08
Bangladesh,2014,62.4,48.12,0.6,35.32
Bangladesh,2015,74.9,65.22,0.621,31.93
Bangladesh,2016,75.92,66.14,0.632,30.49
Bangladesh,2017,88,81.57,0.633,28.36
Bangladesh,2018,91.8,89.08,0.646,26.88
Bangladesh,2019,92.2,88.85,0.656,24.75
Barbados,2000,100,100,0.762,14.32
Barbados,2012,100,100,0.797,4.21
Barbados,2013,100,100,0.798,3.51
Barbados,2014,100,100,0.799,3.44
Barbados,2015,100,100,0.8,3.16
Barbados,2016,100,100,0.803,3.49
Barbados,2017,100,100,0.804,5.13
Barbados,2018,100,100,0.806,5.79
Barbados,2019,100,100,0.808,4.31
Belarus,2000,100,100,0.724,5.65
Belarus,2012,100,100,0.818,7.25
Belarus,2013,100,100,0.821,6.97
Belarus,2014,100,100,0.825,6.69
Belarus,2015,100,100,0.825,6.83
Belarus,2016,100,100,0.825,6.74
Belarus,2017,100,100,0.828,7.29
Belarus,2018,100,100,0.827,7.22
Belarus,2019,100,100,0.826,7.83
Belgium,2000,100,100,0.894,1.44
Belgium,2012,100,100,0.923,7.67
Belgium,2013,100,100,0.925,8.22
Belgium,2014,100,100,0.93,9.13
Belgium,2015,100,100,0.933,9.37
Belgium,2016,100,100,0.936,9.2
Belgium,2017,100,100,0.94,9.64
Belgium,2018,100,100,0.942,10.66
Belgium,2019,100,100,0.945,10.21
Belize,2000,79,65.7,0.671,34.55
Belize,2012,91,85.86,0.727,50.07
Belize,2013,91.19,86.07,0.724,40.99
Belize,2014,91.36,86.25,0.721,37.47
Belize,2015,91.8,87.56,0.721,30.34
Belize,2016,93.22,89.39,0.727,33.38
Belize,2017,94.19,91.02,0.722,36.25
Belize,2018,91.72,86.51,0.723,34.64
Belize,2019,92.72,87.84,0.725,29.09
Benin,2000,21.53,5.41,0.415,70.29
Benin,2012,38.4,14.55,0.497,50.33
Benin,2013,34.69,13.43,0.506,51.97
Benin,2014,34.1,16.23,0.509,51.05
Benin,2015,29.62,11.07,0.511,49.94
Benin,2016,37.1,15.29,0.51,45.42
Benin,2017,34.5,17.19,0.507,45.38
Benin,2018,39.25,16.75,0.507,43.97
Benin,2019,40.33,17.48,0.507,46.47
Bermuda,2000,100,100,,0.46
Bermuda,2012,100,100,,0.44
Bermuda,2013,100,100,,1.47
Bermuda,2014,100,100,,0.43
Bermuda,2015,100,100,,0.55
Bermuda,2016,100,100,,1.09
Bermuda,2017,100,100,,0.64
Bermuda,2018,100,100,,0.67
Bermuda,2019,100,100,,0.84
Bhutan,2000,31.15,8.8,,91.4
Bhutan,2012,91.5,86.87,0.609,87.32
Bhutan,2013,87.45,80.35,0.616,86.7
Bhutan,2014,91.48,86.59,0.626,86.54
Bhutan,2015,95.53,92.92,0.637,86.68
Bhutan,2016,99.59,99.42,0.647,85.02
Bhutan,2017,97.7,96.76,0.656,83.63
Bhutan,2018,99.97,99.96,0.667,82.22
Bhutan,2019,100,100,0.68,82.27
Bolivia (Plurinational State of),2000,69.96,28.17,0.63,29.74
Bolivia (Plurinational State of),2012,90.39,72.17,0.685,12.8
Bolivia (Plurinational State of),2013,89.51,68.52,0.699,12.06
Bolivia (Plurinational State of),2014,90.04,70.29,0.701,10.55
Bolivia (Plurinational State of),2015,91.52,74.34,0.704,8.02
Bolivia (Plurinational State of),2016,91.8,74.87,0.714,7.95
Bolivia (Plurinational State of),2017,91.8,74.82,0.715,7.27
Bolivia (Plurinational State of),2018,92.8,77.59,0.722,7.37
Bolivia (Plurinational State of),2019,95.08,84.92,0.728,8.67
Bosnia and Herzegovina,2000,100,100,0.674,19.35
Bosnia and Herzegovina,2012,100,100,0.742,15.28
Bosnia and Herzegovina,2013,99.5,100,0.756,19.48
Bosnia and Herzegovina,2014,100,100,0.765,23.68
Bosnia and Herzegovina,2015,99.7,100,0.769,25.28
Bosnia and Herzegovina,2016,100,100,0.776,23.03
Bosnia and Herzegovina,2017,100,100,0.78,18.52
Bosnia and Herzegovina,2018,100,100,0.785,35.4
Bosnia and Herzegovina,2019,100,100,0.788,37.02
Botswana,2000,26.41,11.97,0.594,38.46
Botswana,2012,56.02,25.39,0.667,27.55
Botswana,2013,57.99,26,0.676,26.36
Botswana,2014,59.95,26.82,0.685,25.38
Botswana,2015,62.13,26.45,0.69,25.58
Botswana,2016,64.18,28.64,0.696,26.13
Botswana,2017,67.4,30.96,0.704,26.12
Botswana,2018,68.23,28.75,0.71,25.76
Botswana,2019,69.96,27.13,0.718,25.57
Brazil,2000,94.39,74.4,0.69,42.66
Brazil,2012,99.52,97.22,0.758,43.49
Brazil,2013,99.58,97.5,0.762,42.32
Brazil,2014,99.65,97.91,0.765,41.71
Brazil,2015,99.71,98.23,0.764,43.62
Brazil,2016,99.7,98.47,0.765,45.46
Brazil,2017,99.8,99.17,0.77,45.33
Brazil,2018,99.7,98.41,0.774,46.95
Brazil,2019,99.8,98.48,0.776,47.57
British Virgin Islands,2000,97.41,97.19,,1.05
British Virgin Islands,2012,98.85,98.18,,0.91
British Virgin Islands,2013,99.02,98.39,,0.97
British Virgin Islands,2014,99.18,98.72,,1
British Virgin Islands,2015,100,100,,1
British Virgin Islands,2016,100,100,,1.01
British Virgin Islands,2017,100,100,,1.23
British Virgin Islands,2018,100,100,,1.26
British Virgin Islands,2019,100,100,,1.23
Brunei Darussalam,2000,100,100,0.792,0
Brunei Darussalam,2012,100,100,0.841,0.01
Brunei Darussalam,2013,100,100,0.842,0.01
Brunei Darussalam,2014,100,100,0.841,0.01
Brunei Darussalam,2015,100,100,0.839,0.01
Brunei Darussalam,2016,100,100,0.838,0.01
Brunei Darussalam,2017,100,100,0.837,0.01
Brunei Darussalam,2018,100,100,0.837,0.01
Brunei Darussalam,2019,100,100,0.835,0.01
Bulgaria,2000,100,100,0.733,7.97
Bulgaria,2012,100,100,0.807,15.63
Bulgaria,2013,100,100,0.815,18.24
Bulgaria,2014,100,100,0.819,17.15
Bulgaria,2015,100,100,0.824,17.85
Bulgaria,2016,100,100,0.827,17.71
Bulgaria,2017,100,100,0.829,17.12
Bulgaria,2018,100,100,0.832,19.6
Bulgaria,2019,100,100,0.835,19.34
Burkina Faso,2000,9.08,2.28,,85.41
Burkina Faso,2012,15.12,1.53,0.398,77.18
Burkina Faso,2013,15.41,1.08,0.405,75.43
Burkina Faso,2014,19.2,4.75,0.409,75.24
Burkina Faso,2015,16.08,,0.419,72.71
Burkina Faso,2016,16.64,,0.427,72.27
Burkina Faso,2017,17.21,,0.438,69.08
Burkina Faso,2018,14.4,,0.449,66.97
Burkina Faso,2019,18.37,,0.453,64.85
Burundi,2000,2.46,,0.308,93.23
Burundi,2012,6.5,,0.425,91.45
Burundi,2013,6.9,1,0.428,91.08
Burundi,2014,7,0.98,0.431,91.28
Burundi,2015,8.43,1.74,0.432,91.15
Burundi,2016,9.35,2.38,0.436,89.52
Burundi,2017,9.3,1.66,0.434,88.12
Burundi,2018,10.88,3.31,0.434,85.58
Burundi,2019,11.36,3.45,0.435,84.77
Cabo Verde,2000,58.42,31.53,0.585,27.88
Cabo Verde,2012,83.36,69.6,0.655,24.26
Cabo Verde,2013,84.34,71.52,0.66,25.94
Cabo Verde,2014,85.31,73.73,0.659,26.11
Cabo Verde,2015,86.36,76.14,0.658,26.35
Cabo Verde,2016,87.54,78.62,0.661,24.62
Cabo Verde,2017,88.69,80.99,0.663,22.87
Cabo Verde,2018,90.41,84.97,0.663,22.93
Cabo Verde,2019,91.4,87.29,0.667,22.19
Cambodia,2000,16.6,6.56,0.438,81.58
Cambodia,2012,53.93,43.18,0.551,64.36
Cambodia,2013,57.57,47.41,0.554,64.97
Cambodia,2014,56.1,44.73,0.557,63.7
Cambodia,2015,64.91,56.12,0.562,60.63
Cambodia,2016,69.54,61.71,0.57,58.01
Cambodia,2017,89.07,86.09,0.578,56.25
Cambodia,2018,81.08,75.49,0.586,56.38
Cambodia,2019,84,79.97,0.593,53.36
Cameroon,2000,41,9.22,0.439,84.59
Cameroon,2012,55.04,17.91,0.549,78.53
Cameroon,2013,56.21,19.2,0.558,77.6
Cameroon,2014,56.8,18.8,0.566,76.79
Cameroon,2015,58.6,21.1,0.575,78.06
Cameroon,2016,59.81,21.83,0.579,78.78
Cameroon,2017,61.03,22.6,0.581,79.17
Cameroon,2018,62.2,26.28,0.582,79.25
Cameroon,2019,63.49,24.18,0.582,79.41
Canada,2000,100,100,0.894,22.04
Canada,2012,100,100,0.927,22.17
Canada,2013,100,100,0.93,22.44
Canada,2014,100,100,0.932,22.49
Canada,2015,100,100,0.932,22.69
Canada,2016,100,100,0.933,22.05
Canada,2017,100,100,0.935,22.47
Canada,2018,100,100,0.935,21.99
Canada,2019,100,100,0.937,22.11
Cayman Islands,2000,100,100,,0
Cayman Islands,2012,100,100,,0.01
Cayman Islands,2013,100,100,,0.01
Cayman Islands,2014,100,100,,0.01
Cayman Islands,2015,100,100,,0.01
Cayman Islands,2016,100,100,,0.01
Cayman Islands,2017,100,100,,0.01
Cayman Islands,2018,100,100,,0.01
Cayman Islands,2019,100,100,,0
Central African Republic,2000,6,,0.333,88.9
Central African Republic,2012,10.87,,0.385,93.07
Central African Republic,2013,11.47,0.63,0.359,95.08
Central African Republic,2014,12.06,0.98,0.319,94.82
Central African Republic,2015,12.73,1.44,0.377,92.86
Central African Republic,2016,13.53,1.96,0.376,92.11
Central African Republic,2017,14.3,2.38,0.356,91.58
Central African Republic,2018,14.84,2.53,0.391,91.42
Central African Republic,2019,14.3,1.53,0.279,91.26
Central Europe and the Baltics,2000,100,100,,9.94
Central Europe and the Baltics,2012,100,100,,15.69
Central Europe and the Baltics,2013,100,100,,16.66
Central Europe and the Baltics,2014,100,100,,17.08
Central Europe and the Baltics,2015,100,100,,17.14
Chad,2000,3.18,1.29,0.303,88.7
Chad,2012,7.84,3.06,0.391,79.73
Chad,2013,8.13,3.05,0.396,76.45
Chad,2014,8.41,3.02,0.401,76.86
Chad,2015,7.7,0.52,0.396,77.35
Chad,2016,9.26,2.86,0.396,77.77
Chad,2017,10.9,4.14,0.397,78.27
Chad,2018,10.11,2.31,0.402,77.7
Chad,2019,8.4,,0.406,77.79
Chile,2000,97.94,86.55,0.771,31.36
Chile,2012,100,100,0.832,30.31
Chile,2013,99.6,100,0.845,30.23
Chile,2014,100,100,0.849,26.95
Chile,2015,99.71,100,0.855,25.07
Chile,2016,100,100,0.859,24.55
Chile,2017,99.7,100,0.862,24.11
Chile,2018,100,100,0.866,25.46
Chile,2019,100,100,0.867,25.26
China,2000,97.02,95.36,0.598,29.63
China,2012,99.96,99.92,0.725,11.53
China,2013,100,99.99,0.733,11.45
China,2014,100,100,0.742,11.94
China,2015,100,100,0.75,12.18
China,2016,100,100,0.758,12.56
China,2017,100,100,0.765,13.13
China,2018,100,100,0.774,13.71
China,2019,100,100,0.781,14.45
"China, Hong Kong Special Administrative Region",2000,100,100,0.839,0.05
"China, Hong Kong Special Administrative Region",2012,100,100,0.923,0.17
"China, Hong Kong Special Administrative Region",2013,100,100,0.928,0.26
"China, Hong Kong Special Administrative Region",2014,100,100,0.932,0.23
"China, Hong Kong Special Administrative Region",2015,100,100,0.937,0.2
"China, Hong Kong Special Administrative Region",2016,100,100,0.94,0.16
"China, Hong Kong Special Administrative Region",2017,100,100,0.946,0.2
"China, Hong Kong Special Administrative Region",2018,100,100,0.952,0.23
"China, Hong Kong Special Administrative Region",2019,100,100,0.952,0.23
"China, Macao Special Administrative Region",2000,100,100,,0.18
"China, Macao Special Administrative Region",2012,100,100,,11.13
"China, Macao Special Administrative Region",2013,100,100,,16.61
"China, Macao Special Administrative Region",2014,100,100,,11.45
"China, Macao Special Administrative Region",2015,100,100,,5.41
"China, Macao Special Administrative Region",2016,100,100,,5.38
"China, Macao Special Administrative Region",2017,100,100,,3.87
"China, Macao Special Administrative Region",2018,100,100,,8.43
"China, Macao Special Administrative Region",2019,100,100,,8.43
Colombia,2000,95.2,83.27,0.679,28.03
Colombia,2012,97.03,87.08,0.748,28.9
Colombia,2013,97.78,90.07,0.76,32.29
Colombia,2014,97.79,89.89,0.763,32.38
Colombia,2015,98.19,91.79,0.767,31.6
Colombia,2016,98.4,92.76,0.772,30.74
Colombia,2017,98.5,92.74,0.774,32.53
Colombia,2018,98.5,92.62,0.775,30.72
Colombia,2019,99.76,98.71,0.777,30.72
Comoros,2000,39.72,30.11,0.461,69.87
Comoros,2012,69.3,63.12,0.548,67.85
Comoros,2013,69.77,62.86,0.556,62.51
Comoros,2014,72.16,65.45,0.56,66.02
Comoros,2015,74.57,68.07,0.565,64.17
Comoros,2016,76.99,70.7,0.571,60.5
Comoros,2017,79.42,73.35,0.577,56.42
Comoros,2018,81.86,76.01,0.584,55.01
Comoros,2019,84.3,78.67,0.589,53.43
Congo,2000,29.09,5.07,0.545,64.86
Congo,2012,41.6,10.62,0.624,65.3
Congo,2013,42.54,10.66,0.63,62.47
Congo,2014,43.43,11.16,0.639,62.23
Congo,2015,44.4,11.81,0.643,64.15
Congo,2016,45.51,12.45,0.64,67.61
Congo,2017,46.57,12.9,0.635,69.73
Congo,2018,47.42,13.03,0.64,69.34
Congo,2019,48.41,13.92,0.634,68.67
Costa Rica,2000,96.94,92.82,0.72,32.95
Costa Rica,2012,99.5,98.14,0.789,38.06
Costa Rica,2013,99.56,98.44,0.795,37.8
Costa Rica,2014,99.36,98.27,0.802,37.62
Costa Rica,2015,99.41,97.68,0.803,38.33
Costa Rica,2016,99.5,98.45,0.805,36.81
Costa Rica,2017,99.6,98.87,0.809,36.2
Costa Rica,2018,99.7,98.93,0.813,35.7
Costa Rica,2019,99.71,98.87,0.821,35.76
CÃ´te dâIvoire,2000,48.69,23.75,0.419,63.72
CÃ´te dâIvoire,2012,55.8,25.78,0.478,74.9
CÃ´te dâIvoire,2013,61.36,34.32,0.487,72.16
CÃ´te dâIvoire,2014,61.9,34.28,0.511,71.91
CÃ´te dâIvoire,2015,62.6,39.23,0.519,64.51
CÃ´te dâIvoire,2016,64.3,36.73,0.53,64.04
CÃ´te dâIvoire,2017,65.6,38.28,0.539,62.54
CÃ´te dâIvoire,2018,67.15,40.27,0.545,62.99
CÃ´te dâIvoire,2019,68.46,41.79,0.552,62.46
Croatia,2000,100,100,0.769,26.76
Croatia,2012,100,100,0.839,29.4
Croatia,2013,100,100,0.846,32.82
Croatia,2014,100,100,0.848,33.6
Croatia,2015,100,100,0.852,33.09
Croatia,2016,100,100,0.856,31.83
Croatia,2017,100,100,0.862,29.79
Croatia,2018,100,100,0.867,32.83
Croatia,2019,100,100,0.872,31.6
Cuba,2000,97,87.84,0.697,34.43
Cuba,2012,97.95,91.39,0.777,19.38
Cuba,2013,98.18,92.24,0.771,18.24
Cuba,2014,98.42,93.22,0.77,23.16
Cuba,2015,98.68,94.31,0.769,21.15
Cuba,2016,98.95,95.47,0.767,19.2
Cuba,2017,99.24,96.68,0.767,22
Cuba,2018,99.52,97.91,0.769,24.11
Cuba,2019,99.8,99.46,0.769,21.54
CuraÃ§ao,2000,100,100,,0.07
CuraÃ§ao,2012,100,100,,0.71
CuraÃ§ao,2013,100,100,,1.39
CuraÃ§ao,2014,100,100,,1.66
CuraÃ§ao,2015,100,100,,1.6
CuraÃ§ao,2016,100,100,,1.74
CuraÃ§ao,2017,100,100,,2.22
CuraÃ§ao,2018,100,100,,3.02
CuraÃ§ao,2019,100,100,,2.68
Cyprus,2000,100,100,0.808,3.08
Cyprus,2012,100,100,0.872,8.69
Cyprus,2013,100,100,0.873,9.83
Cyprus,2014,100,100,0.875,9.59
Cyprus,2015,100,100,0.882,10.51
Cyprus,2016,100,100,0.888,10.36
Cyprus,2017,100,100,0.897,11.03
Cyprus,2018,100,100,0.902,12.11
Cyprus,2019,100,100,0.907,12.05
Czechia,2000,100,100,0.817,5.94
Czechia,2012,100,100,0.885,12.8
Czechia,2013,100,100,0.892,13.95
Czechia,2014,100,100,0.898,14.85
Czechia,2015,100,100,0.9,14.84
Czechia,2016,100,100,0.902,14.77
Czechia,2017,100,100,0.904,14.46
Czechia,2018,100,100,0.901,14.72
Czechia,2019,100,100,0.903,15.85
Democratic People's Republic of Korea,2000,,,,8.72
Democratic People's Republic of Korea,2012,33.75,38.01,,17.83
Democratic People's Republic of Korea,2013,36.03,42.31,,24.05
Democratic People's Republic of Korea,2014,38.33,45.12,,21.23
Democratic People's Republic of Korea,2015,40.64,49.56,,23.31
Democratic People's Republic of Korea,2016,42.96,52.47,,22.04
Democratic People's Republic of Korea,2017,45.29,55.42,,11.98
Democratic People's Republic of Korea,2018,47.63,60.03,,13.19
Democratic People's Republic of Korea,2019,49.97,63.05,,11.31
Democratic Republic of the Congo,2000,6.7,,0.391,97.94
Democratic Republic of the Congo,2012,15.4,,0.451,95.47
Democratic Republic of the Congo,2013,14.73,,0.456,93.92
Democratic Republic of the Congo,2014,13.5,,0.467,92.87
Democratic Republic of the Congo,2015,16.15,1,0.477,95.82
Democratic Republic of the Congo,2016,17.04,1,0.487,97.03
Democratic Republic of the Congo,2017,17.92,1,0.491,96.7
Democratic Republic of the Congo,2018,18.57,1,0.497,96.38
Democratic Republic of the Congo,2019,19.1,1,0.501,96.24
Denmark,2000,100,100,0.896,10.73
Denmark,2012,100,100,0.938,26.93
Denmark,2013,100,100,0.941,27.05
Denmark,2014,100,100,0.939,30.18
Denmark,2015,100,100,0.943,32.89
Denmark,2016,100,100,0.951,32.17
Denmark,2017,100,100,0.951,35.2
Denmark,2018,100,100,0.95,34.67
Denmark,2019,100,100,0.953,37.52
Djibouti,2000,56.38,56.08,0.337,31.44
Djibouti,2012,54.6,22.07,0.442,32.48
Djibouti,2013,56.3,22.21,0.45,34.04
Djibouti,2014,56.62,20.81,0.459,30.82
Djibouti,2015,57.58,22.23,0.469,28.18
Djibouti,2016,58.68,24.27,0.477,24.91
Djibouti,2017,60.2,,0.484,24.13
Djibouti,2018,60.56,25.37,0.492,27.84
Djibouti,2019,61.21,25.17,0.497,27.92
Dominica,2000,80.95,,0.721,11.06
Dominica,2012,96.92,,0.745,11.33
Dominica,2013,98.32,,0.745,11.57
Dominica,2014,99.74,,0.748,9.97
Dominica,2015,99.83,,0.741,8.8
Dominica,2016,99.98,,0.751,10.88
Dominica,2017,100,,0.735,9.84
Dominica,2018,100,,0.755,8.3
Dominica,2019,100,,0.758,8.05
Dominican Republic,2000,88.76,76.16,0.658,19.11
Dominican Republic,2012,97.87,92.28,0.727,16.48
Dominican Republic,2013,98.39,93.44,0.731,16.55
Dominican Republic,2014,98.47,93.64,0.737,17.28
Dominican Republic,2015,98.56,93.92,0.747,14.88
Dominican Republic,2016,98.9,95.04,0.766,15.31
Dominican Republic,2017,100,100,0.77,16.87
Dominican Republic,2018,98.9,95.9,0.773,15.95
Dominican Republic,2019,99,96.3,0.771,13.98
Early-demographic dividend,2000,66.73,50.97,,30.84
Early-demographic dividend,2012,81.05,69.37,,23.91
Early-demographic dividend,2013,82.21,71.17,,24.33
Early-demographic dividend,2014,83.06,72.18,,23.76
Early-demographic dividend,2015,85.68,76.54,,23.66
East Asia & Pacific (excluding high income),2000,91.36,87.84,,31.68
East Asia & Pacific (excluding high income),2012,96.01,93.69,,14.72
East Asia & Pacific (excluding high income),2013,96.24,93.95,,14.66
East Asia & Pacific (excluding high income),2014,96.38,94.07,,15
East Asia & Pacific (excluding high income),2015,96.79,94.69,,14.87
East Asia & Pacific (IDA & IBRD countries),2000,91.36,87.84,,32.07
East Asia & Pacific (IDA & IBRD countries),2012,96.79,94.24,,14.7
East Asia & Pacific (IDA & IBRD countries),2013,96.99,94.47,,14.63
East Asia & Pacific (IDA & IBRD countries),2014,97.11,94.56,,14.98
East Asia & Pacific (IDA & IBRD countries),2015,97.49,95.15,,14.84
Ecuador,2000,93.73,85.45,0.683,19.43
Ecuador,2012,97.19,93.05,0.75,13.2
Ecuador,2013,98.03,95.45,0.755,11.85
Ecuador,2014,98.98,97.5,0.76,12.18
Ecuador,2015,98.83,97.02,0.764,13.07
Ecuador,2016,98.7,96.78,0.761,14.75
Ecuador,2017,99.2,97.8,0.764,17.05
Ecuador,2018,98.7,96.94,0.767,16.33
Ecuador,2019,99.09,97.76,0.765,17.73
Egypt,2000,97.7,96.35,0.639,8.26
Egypt,2012,99.7,99.83,0.689,5.5
Egypt,2013,99.85,99.83,0.695,5.49
Egypt,2014,99.8,99.73,0.699,5.59
Egypt,2015,99.3,99.45,0.706,5.45
Egypt,2016,100,100,0.713,5.31
Egypt,2017,100,100,0.72,5.1
Egypt,2018,100,100,0.728,5.23
Egypt,2019,100,100,0.736,5.3
El Salvador,2000,84.52,67.92,0.607,33.51
El Salvador,2012,93.68,85.15,0.666,30.27
El Salvador,2013,95.04,89.26,0.668,27.54
El Salvador,2014,95.13,89.23,0.668,23.95
El Salvador,2015,95.4,89.42,0.667,21.03
El Salvador,2016,96,90.26,0.666,20.71
El Salvador,2017,96.8,91.34,0.665,24.99
El Salvador,2018,97,92.62,0.67,23.21
El Salvador,2019,97.36,93.62,0.67,19.39
Equatorial Guinea,2000,65.56,37.56,0.508,45.85
Equatorial Guinea,2012,65.74,6.36,0.635,4.42
Equatorial Guinea,2013,65.82,5.45,0.644,3.68
Equatorial Guinea,2014,65.92,4.62,0.652,4.2
Equatorial Guinea,2015,66.04,3.85,0.656,4.56
Equatorial Guinea,2016,66.17,3.16,0.659,3.95
Equatorial Guinea,2017,66.31,2.54,0.661,3.54
Equatorial Guinea,2018,66.45,1.96,0.663,4.91
Equatorial Guinea,2019,66.6,1.43,0.667,6.58
Eritrea,2000,29.25,11.16,,76.62
Eritrea,2012,42.47,23.05,0.483,78.14
Eritrea,2013,43.64,24.95,0.479,78.14
Eritrea,2014,44.83,26.89,0.497,77.8
Eritrea,2015,46.03,28.88,0.48,77.56
Eritrea,2016,47.25,30.89,0.485,77.31
Eritrea,2017,48.47,32.93,0.48,75.37
Eritrea,2018,49.7,34.99,0.49,74.03
Eritrea,2019,50.94,36.98,0.495,73.67
Estonia,2000,100,100,0.793,19.83
Estonia,2012,100,100,0.88,24.88
Estonia,2013,100,100,0.887,24.43
Estonia,2014,100,100,0.885,25.3
Estonia,2015,100,100,0.888,28.16
Estonia,2016,100,100,0.89,27.24
Estonia,2017,100,100,0.894,27.53
Estonia,2018,100,100,0.897,28.59
Estonia,2019,100,100,0.901,31.29
Eswatini,2000,20.2,10.18,0.493,59.39
Eswatini,2012,54.37,48.26,0.562,71.41
Eswatini,2013,57.56,51.84,0.578,69.7
Eswatini,2014,65,59.28,0.592,71.67
Eswatini,2015,64.01,58.98,0.607,71.68
Eswatini,2016,63.43,58.05,0.619,69.61
Eswatini,2017,73.5,69.76,0.631,65.54
Eswatini,2018,73.92,69.54,0.643,66.07
Eswatini,2019,76.87,72.69,0.653,65.95
Ethiopia,2000,12.7,1.72,0.293,95.55
Ethiopia,2012,28.9,15.98,0.433,93.3
Ethiopia,2013,30.67,17.63,0.441,92.49
Ethiopia,2014,27.2,12.01,0.449,91.25
Ethiopia,2015,29,15.5,0.456,91.56
Ethiopia,2016,42.9,32.36,0.463,90.49
Ethiopia,2017,44.3,30.97,0.47,90.22
Ethiopia,2018,44.94,32.63,0.476,89.42
Ethiopia,2019,48.06,36.06,0.482,88.92
Euro Area,2000,100,100,,7.55
Euro Area,2012,100,100,,14.8
Euro Area,2013,100,100,,15.6
Euro Area,2014,100,100,,16.22
Euro Area,2015,100,100,,16.19
Europe & Central Asia,2000,99.95,99.86,,7.63
Europe & Central Asia,2012,99.98,99.97,,11.68
Europe & Central Asia,2013,99.98,99.95,,12.4
Europe & Central Asia,2014,99.98,99.97,,12.57
Europe & Central Asia,2015,99.26,99.93,,13.01
Europe & Central Asia (excluding high income),2000,99.88,99.72,,5.16
Europe & Central Asia (excluding high income),2012,99.96,99.93,,5.24
Europe & Central Asia (excluding high income),2013,99.95,99.9,,5.71
Europe & Central Asia (excluding high income),2014,99.96,99.93,,5.35
Europe & Central Asia (excluding high income),2015,98.28,99.86,,5.75
Europe & Central Asia (IDA & IBRD countries),2000,99.9,99.77,,5.82
Europe & Central Asia (IDA & IBRD countries),2012,99.96,99.94,,6.37
Europe & Central Asia (IDA & IBRD countries),2013,99.95,99.92,,6.9
Europe & Central Asia (IDA & IBRD countries),2014,99.97,99.94,,6.61
Europe & Central Asia (IDA & IBRD countries),2015,98.51,99.88,,6.99
European Union,2000,100,100,,8.98
European Union,2012,100,100,,16.1
European Union,2013,100,100,,16.84
European Union,2014,100,100,,17.49
European Union,2015,100,100,,17.63
Faroe Islands,2000,100,100,,2.77
Faroe Islands,2012,100,100,,4.7
Faroe Islands,2013,100,100,,4.53
Faroe Islands,2014,100,100,,6.54
Faroe Islands,2015,100,100,,7.47
Faroe Islands,2016,100,100,,6.32
Faroe Islands,2017,100,100,,5.97
Faroe Islands,2018,100,100,,5.86
Faroe Islands,2019,100,100,,5.4
Fiji,2000,75.72,61.27,0.668,50.06
Fiji,2012,91.07,84.19,0.698,31.73
Fiji,2013,91.75,85.36,0.708,32.81
Fiji,2014,93.79,88.66,0.712,33.17
Fiji,2015,95.17,91.03,0.715,32.74
Fiji,2016,96.56,93.47,0.719,27.68
Fiji,2017,96,91.55,0.725,28.55
Fiji,2018,99.37,98.79,0.728,25.8
Fiji,2019,99.72,99.38,0.727,26.48
Finland,2000,100,100,0.898,31.68
Finland,2012,100,100,0.924,38.72
Finland,2013,100,100,0.934,38.52
Finland,2014,100,100,0.936,41.25
Finland,2015,100,100,0.938,43.23
Finland,2016,100,100,0.94,42.4
Finland,2017,100,100,0.942,44.48
Finland,2018,100,100,0.945,44.17
Finland,2019,100,100,0.947,45.76
Fragile and conflict affected situations,2000,40.51,25.01,,61.87
Fragile and conflict affected situations,2012,49.32,30.65,,59.82
Fragile and conflict affected situations,2013,50.85,31.79,,59.84
Fragile and conflict affected situations,2014,50.3,30.43,,59.71
Fragile and conflict affected situations,2015,50.32,28.63,,63.13
France,2000,100,100,0.852,9.32
France,2012,100,100,0.893,12.34
France,2013,100,100,0.896,13.42
France,2014,100,100,0.9,13.2
France,2015,100,100,0.901,13.34
France,2016,100,100,0.905,14.24
France,2017,100,100,0.908,14.12
France,2018,100,100,0.911,15.21
France,2019,100,100,0.914,15.53
French Polynesia,2000,100,100,,9.85
French Polynesia,2012,100,100,,6.64
French Polynesia,2013,100,100,,6.49
French Polynesia,2014,100,100,,7.45
French Polynesia,2015,100,100,,7.83
French Polynesia,2016,100,100,,8.08
French Polynesia,2017,100,100,,8.07
French Polynesia,2018,100,100,,7.72
French Polynesia,2019,100,100,,7.67
Gabon,2000,73.6,11.61,0.652,72.78
Gabon,2012,89.3,32.26,0.699,75.49
Gabon,2013,86.4,32.79,0.707,82.19
Gabon,2014,86.96,19.82,0.716,81.3
Gabon,2015,87.38,17.85,0.72,81.95
Gabon,2016,88.2,19.14,0.724,80.77
Gabon,2017,86.27,,0.726,90.1
Gabon,2018,89.88,22.79,0.727,90.13
Gabon,2019,90.73,25.13,0.73,89.88
Gambia,2000,34.3,18.82,0.403,62.86
Gambia,2012,49.83,25.88,0.469,56.95
Gambia,2013,51.5,30.25,0.474,59.33
Gambia,2014,52.93,27.56,0.477,53.17
Gambia,2015,54.56,28.59,0.482,48.95
Gambia,2016,56.33,29.96,0.487,48.62
Gambia,2017,56.2,20.52,0.493,48.02
Gambia,2018,60.3,,0.5,49.01
Gambia,2019,62.1,,0.508,49.24
Georgia,2000,99.81,99.69,0.705,47.25
Georgia,2012,100,100,0.789,28.69
Georgia,2013,100,100,0.796,33.16
Georgia,2014,100,100,0.802,31.34
Georgia,2015,100,100,0.807,28.15
Georgia,2016,100,100,0.809,27.64
Georgia,2017,100,100,0.816,28.03
Georgia,2018,99.9,100,0.824,27.94
Georgia,2019,100,100,0.83,25.22
Germany,2000,100,100,0.897,3.7
Germany,2012,100,100,0.944,13.64
Germany,2013,100,100,0.945,13.63
Germany,2014,100,100,0.949,14.02
Germany,2015,100,100,0.948,14.55
Germany,2016,100,100,0.949,14.24
Germany,2017,100,100,0.951,15.22
Germany,2018,100,100,0.952,16.12
Germany,2019,100,100,0.957,17.17
Ghana,2000,43.7,14.87,0.487,71.62
Ghana,2012,56.51,23.64,0.575,46.5
Ghana,2013,70.7,50.83,0.582,46.19
Ghana,2014,78.3,63.97,0.58,47.69
Ghana,2015,74.08,57.6,0.588,44.02
Ghana,2016,79.3,66.6,0.59,45.22
Ghana,2017,79,65.33,0.594,44.43
Ghana,2018,80.4,68.28,0.6,41.48
Ghana,2019,83.5,70.01,0.609,41.8
Gibraltar,2000,100,100,,0
Gibraltar,2012,100,100,,0
Gibraltar,2013,100,100,,0
Gibraltar,2014,100,100,,0
Gibraltar,2015,100,100,,0
Gibraltar,2016,100,100,,0
Gibraltar,2017,100,100,,0
Gibraltar,2018,100,100,,0
Gibraltar,2019,100,100,,0
Greece,2000,100,100,0.828,7.82
Greece,2012,100,100,0.874,14.17
Greece,2013,100,100,0.879,16.61
Greece,2014,100,100,0.886,16.41
Greece,2015,100,100,0.888,17.47
Greece,2016,100,100,0.884,16.41
Greece,2017,100,100,0.887,16.38
Greece,2018,100,100,0.893,17.86
Greece,2019,100,100,0.896,18.51
Greenland,2000,100,100,,8.8
Greenland,2012,100,100,,9.76
Greenland,2013,100,100,,10.8
Greenland,2014,100,100,,12.15
Greenland,2015,100,100,,12.72
Greenland,2016,100,100,,12.05
Greenland,2017,100,100,,11.05
Greenland,2018,100,100,,13.49
Greenland,2019,100,100,,12.6
Grenada,2000,86.04,,,10.5
Grenada,2012,90.03,,0.774,11.38
Grenada,2013,90.43,,0.777,10.92
Grenada,2014,90.86,,0.779,11.26
Grenada,2015,91.29,,0.782,11.07
Grenada,2016,91.74,,0.784,11.4
Grenada,2017,92.19,,0.784,11.48
Grenada,2018,92.3,,0.788,10.69
Grenada,2019,93.12,,0.789,10.37
Guam,2000,100,100,,0
Guam,2012,100,100,,0
Guam,2013,100,100,,0
Guam,2014,100,100,,0
Guam,2015,100,100,,1.26
Guam,2016,100,100,,3.03
Guam,2017,100,100,,2.96
Guam,2018,100,100,,3.04
Guam,2019,100,100,,3.02
Guatemala,2000,73.32,55.01,0.563,62.75
Guatemala,2012,86.72,78.08,0.631,67.45
Guatemala,2013,87.97,80.2,0.633,67.29
Guatemala,2014,85.49,76.66,0.65,66.36
Guatemala,2015,90.52,84.64,0.638,63.4
Guatemala,2016,91.82,86.94,0.642,63.34
Guatemala,2017,93.3,89.66,0.647,65.09
Guatemala,2018,94.43,91.7,0.649,64.12
Guatemala,2019,95.74,94.14,0.653,62.92
Guinea,2000,15.15,,0.359,85.52
Guinea,2012,26.2,1.19,0.44,76.36
Guinea,2013,31.98,8.28,0.445,78.53
Guinea,2014,33.35,9.24,0.451,78.57
Guinea,2015,34.75,10.19,0.465,76.23
Guinea,2016,33.5,6.74,0.482,75.29
Guinea,2017,35.4,8.56,0.482,71.96
Guinea,2018,45,21.4,0.479,69.88
Guinea,2019,42.2,17.02,0.486,65.44
Guinea-Bissau,2000,,,,91.24
Guinea-Bissau,2012,14.8,5.91,0.462,87.81
Guinea-Bissau,2013,16.23,7.95,0.469,87.71
Guinea-Bissau,2014,17.2,5.82,0.476,87.28
Guinea-Bissau,2015,20.05,8.9,0.481,87.15
Guinea-Bissau,2016,22.97,10.57,0.486,86.73
Guinea-Bissau,2017,26,12.38,0.491,86.8
Guinea-Bissau,2018,28.5,13.34,0.493,86.59
Guinea-Bissau,2019,30.96,14.33,0.501,86.24
Guyana,2000,74.52,69.42,0.567,29.75
Guyana,2012,85.07,81.99,0.664,28.41
Guyana,2013,86.03,83.12,0.669,26.27
Guyana,2014,86.9,84.21,0.678,24.02
Guyana,2015,88,85.56,0.683,24.95
Guyana,2016,89.17,86.93,0.69,21.41
Guyana,2017,90.3,88.23,0.696,22.18
Guyana,2018,91.2,89.3,0.702,16.81
Guyana,2019,91.92,90.17,0.709,11.35
Haiti,2000,33.7,7.06,0.497,80.85
Haiti,2012,37.9,3.92,0.54,82.19
Haiti,2013,38.7,3.01,0.545,80.39
Haiti,2014,39.5,2.26,0.549,77.77
Haiti,2015,40.84,2.54,0.552,76.12
Haiti,2016,40.4,,0.555,76.13
Haiti,2017,43.75,3.06,0.559,76.17
Haiti,2018,44.96,2.97,0.561,76.25
Haiti,2019,45.99,2.65,0.56,76.4
Heavily indebted poor countries (HIPC),2000,17.76,,,85.56
Heavily indebted poor countries (HIPC),2012,31.93,17.26,,77.95
Heavily indebted poor countries (HIPC),2013,32.84,17.78,,77.85
Heavily indebted poor countries (HIPC),2014,35.37,19.77,,77.51
Heavily indebted poor countries (HIPC),2015,35.35,17.81,,76.8
High-income countries,2000,99.9,99.62,,7.29
High-income countries,2012,99.97,99.85,,10.68
High-income countries,2013,99.96,99.84,,11.11
High-income countries,2014,99.97,99.87,,11.34
High-income countries,2015,99.97,99.88,,11.42
Honduras,2000,67.38,44.83,0.558,55.24
Honduras,2012,83.61,66.69,0.597,52.27
Honduras,2013,87.18,73.41,0.601,51.07
Honduras,2014,88.65,76.54,0.604,53.63
Honduras,2015,89.98,79.01,0.61,52.68
Honduras,2016,91.6,82.13,0.616,52.77
Honduras,2017,86.5,71.85,0.618,45.92
Honduras,2018,91.6,81.89,0.619,49.76
Honduras,2019,91.1,80.31,0.632,45.96
Hungary,2000,100,100,0.781,5.17
Hungary,2012,100,100,0.841,16.47
Hungary,2013,100,100,0.85,17.18
Hungary,2014,100,100,0.848,15.72
Hungary,2015,100,100,0.847,15.6
Hungary,2016,100,100,0.851,15.34
Hungary,2017,100,100,0.853,14.54
Hungary,2018,100,100,0.857,13.58
Hungary,2019,100,100,0.861,13.64
IBRD Only,2000,84.3,74.69,,23.78
IBRD Only,2012,92.78,87.12,,16.21
IBRD Only,2013,93.48,88.31,,16.36
IBRD Only,2014,94.04,89.35,,16.37
IBRD Only,2015,95.2,91.36,,16.44
Iceland,2000,100,100,0.902,60.66
Iceland,2012,100,100,0.946,77.82
Iceland,2013,100,100,0.95,76.73
Iceland,2014,100,100,0.954,76.99
Iceland,2015,100,100,0.956,77.33
Iceland,2016,100,100,0.959,80.25
Iceland,2017,100,100,0.962,80.08
Iceland,2018,100,100,0.966,80.71
Iceland,2019,100,100,0.969,81.07
IDA & IBRD total,2000,73.87,63.54,,29.33
IDA & IBRD total,2012,82.05,72.31,,21.69
IDA & IBRD total,2013,82.65,72.87,,21.82
IDA & IBRD total,2014,83.14,73,,21.77
IDA & IBRD total,2015,84.31,74.14,,21.9
IDA blend,2000,54.91,39.33,,59.57
IDA blend,2012,61.5,43.26,,61.81
IDA blend,2013,62.49,44.56,,62.17
IDA blend,2014,61.47,42.48,,60.86
IDA blend,2015,61.62,42.7,,61.64
IDA Only,2000,25.17,15.73,,77.41
IDA Only,2012,42.03,30.87,,70.31
IDA Only,2013,42.56,30.9,,70.45
IDA Only,2014,44,31.22,,70
IDA Only,2015,46.28,32.58,,69.69
IDA Total,2000,35.36,24.52,,68.12
IDA Total,2012,48.65,35.12,,66.05
IDA Total,2013,49.33,35.49,,66.4
IDA Total,2014,49.93,34.91,,65.58
IDA Total,2015,51.48,35.78,,65.8
India,2000,58.72,47.24,0.501,46.88
India,2012,79.9,72.4,0.609,34.75
India,2013,82,75.22,0.615,34.85
India,2014,83.87,77.58,0.625,33.85
India,2015,88,83.37,0.633,33.4
India,2016,89.22,84.76,0.644,33.02
India,2017,92.12,88.76,0.649,32.41
India,2018,95.7,93.95,0.648,32.82
India,2019,97.31,96.03,0.651,32.93
Indonesia,2000,86.3,79.64,0.6,45.62
Indonesia,2012,96,92.63,0.686,28.78
Indonesia,2013,96.46,92.99,0.69,29.7
Indonesia,2014,97.01,93.98,0.693,28.32
Indonesia,2015,97.54,94.92,0.701,26.69
Indonesia,2016,97.62,95.06,0.705,28.24
Indonesia,2017,98.14,96.03,0.712,26.15
Indonesia,2018,98.51,96.81,0.715,21.05
Indonesia,2019,98.85,97.53,0.714,19.09
Iran (Islamic Republic of),2000,97.9,94.16,0.71,0.44
Iran (Islamic Republic of),2012,99.64,98.76,0.795,0.93
Iran (Islamic Republic of),2013,99.83,99.44,0.794,0.99
Iran (Islamic Republic of),2014,100,100,0.795,0.93
Iran (Islamic Republic of),2015,99.96,99.85,0.788,0.91
Iran (Islamic Republic of),2016,99.95,99.84,0.791,1.04
Iran (Islamic Republic of),2017,99.94,99.77,0.793,0.98
Iran (Islamic Republic of),2018,100,100,0.79,1
Iran (Islamic Republic of),2019,100,100,0.787,0.98
Iraq,2000,96.92,91.59,0.592,0.36
Iraq,2012,99.3,98.41,0.664,1.3
Iraq,2013,98.87,96.5,0.668,1.46
Iraq,2014,99.1,97.13,0.671,1
Iraq,2015,99.35,97.86,0.675,0.82
Iraq,2016,99.6,98.68,0.676,0.94
Iraq,2017,99.87,99.57,0.681,0.57
Iraq,2018,99.9,99.9,0.689,0.49
Iraq,2019,99.99,99.97,0.693,0.43
Ireland,2000,100,100,0.869,2.04
Ireland,2012,100,100,0.911,6.64
Ireland,2013,100,100,0.915,7.44
Ireland,2014,100,100,0.921,8.55
Ireland,2015,100,100,0.931,9.2
Ireland,2016,100,100,0.936,8.59
Ireland,2017,100,100,0.941,10.1
Ireland,2018,100,100,0.944,10.78
Ireland,2019,100,100,0.947,12.34
Isle of Man,2000,100,100,,0
Isle of Man,2012,100,100,,3.5
Isle of Man,2013,100,100,,2.06
Isle of Man,2014,100,100,,1.85
Isle of Man,2015,100,100,,2.17
Isle of Man,2016,100,100,,1.96
Isle of Man,2017,100,100,,1.88
Isle of Man,2018,100,100,,2.04
Isle of Man,2019,100,100,,1.9
Israel,2000,100,100,0.839,5.96
Israel,2012,100,100,0.893,2.88
Israel,2013,100,100,0.899,3.27
Israel,2014,100,100,0.902,3.7
Israel,2015,100,100,0.902,3.74
Israel,2016,100,100,0.905,3.98
Israel,2017,100,100,0.908,3.86
Israel,2018,100,100,0.911,3.75
Israel,2019,100,100,0.913,4.47
Italy,2000,100,100,0.849,5.12
Italy,2012,100,100,0.887,14.39
Italy,2013,100,100,0.887,16.32
Italy,2014,100,100,0.89,17.13
Italy,2015,100,100,0.889,16.57
Italy,2016,100,100,0.894,16.09
Italy,2017,100,100,0.897,16.43
Italy,2018,100,100,0.902,17.08
Italy,2019,100,100,0.906,17.27
Jamaica,2000,84.39,77.31,0.659,9.37
Jamaica,2012,93.1,88.12,0.711,12.16
Jamaica,2013,93.9,90.69,0.711,11.39
Jamaica,2014,93.3,89.15,0.712,11.88
Jamaica,2015,94.9,91.14,0.713,12.12
Jamaica,2016,96.74,93.37,0.714,11.07
Jamaica,2017,97.61,94.88,0.715,10.98
Jamaica,2018,98.49,96.63,0.715,8.88
Jamaica,2019,99.37,98.56,0.716,9.09
Japan,2000,100,100,0.889,3.7
Japan,2012,100,100,0.909,4.68
Japan,2013,100,100,0.912,5.05
Japan,2014,100,100,0.914,5.58
Japan,2015,100,100,0.917,6.16
Japan,2016,100,100,0.918,6.39
Japan,2017,100,100,0.92,6.92
Japan,2018,100,100,0.921,7.22
Japan,2019,100,100,0.922,7.69
Jordan,2000,98.93,96.33,0.672,2.09
Jordan,2012,99.5,99.5,0.74,2.91
Jordan,2013,99.7,97.58,0.742,3.12
Jordan,2014,99.75,97.59,0.742,3.1
Jordan,2015,99.9,98.97,0.743,3.19
Jordan,2016,99.96,99.57,0.745,4.67
Jordan,2017,100,100,0.747,5.26
Jordan,2018,99.9,98.89,0.747,7.2
Jordan,2019,100,100,0.75,8.17
Kazakhstan,2000,99.51,99,0.692,2.5
Kazakhstan,2012,100,100,0.799,1.33
Kazakhstan,2013,100,100,0.808,1.16
Kazakhstan,2014,100,100,0.813,1.34
Kazakhstan,2015,100,100,0.819,1.72
Kazakhstan,2016,100,100,0.82,2.07
Kazakhstan,2017,100,100,0.824,2.02
Kazakhstan,2018,100,100,0.828,1.88
Kazakhstan,2019,100,100,0.834,1.7
Kenya,2000,15.13,6.51,0.5,78.86
Kenya,2012,37.99,27.3,0.565,78.71
Kenya,2013,39.97,29.09,0.57,76.73
Kenya,2014,36,25.07,0.576,74.95
Kenya,2015,41.6,29,0.583,72.04
Kenya,2016,53.1,42.08,0.594,70.94
Kenya,2017,55.98,45.88,0.599,71.3
Kenya,2018,61.28,51.62,0.605,72.47
Kenya,2019,69.7,61.69,0.611,68.08
Kiribati,2000,55.12,26.08,,55.85
Kiribati,2012,76.69,64.35,0.608,47.08
Kiribati,2013,78.93,68.59,0.613,44.53
Kiribati,2014,83.45,77.63,0.615,46.41
Kiribati,2015,90.56,92.96,0.623,45.73
Kiribati,2016,92.8,96.99,0.627,46.49
Kiribati,2017,86.18,82.86,0.63,41.15
Kiribati,2018,88.1,87.07,0.633,41.03
Kiribati,2019,90.03,91.62,0.635,41.03
Kosovo (as per UNSCR 1244),2000,,,,28.27
Kosovo (as per UNSCR 1244),2012,99.75,99.61,,20.89
Kosovo (as per UNSCR 1244),2013,99.75,99.51,,20.93
Kosovo (as per UNSCR 1244),2014,99.68,99.5,,21.38
Kosovo (as per UNSCR 1244),2015,99.86,99.79,,20.37
Kosovo (as per UNSCR 1244),2016,99.8,99.8,,26.52
Kosovo (as per UNSCR 1244),2017,99.8,99.7,,25.26
Kosovo (as per UNSCR 1244),2018,,,,27
Kosovo (as per UNSCR 1244),2019,100,100,,26.1
Kuwait,2000,100,100,0.778,0
Kuwait,2012,100,100,0.822,0
Kuwait,2013,100,100,0.814,0
Kuwait,2014,100,100,0.818,0
Kuwait,2015,100,100,0.832,0.01
Kuwait,2016,100,100,0.836,0.01
Kuwait,2017,100,100,0.838,0.02
Kuwait,2018,100,100,0.84,0.03
Kuwait,2019,100,100,0.843,0.06
Kyrgyzstan,2000,99.61,99.59,0.627,35.16
Kyrgyzstan,2012,99.8,99.8,0.679,22.45
Kyrgyzstan,2013,98.93,98.92,0.686,24.81
Kyrgyzstan,2014,99.8,99.74,0.691,26.6
Kyrgyzstan,2015,98.69,98.71,0.695,23.3
Kyrgyzstan,2016,99.71,99.81,0.7,21.92
Kyrgyzstan,2017,100,100,0.704,24.55
Kyrgyzstan,2018,100,100,0.708,23.21
Kyrgyzstan,2019,99.87,99.97,0.708,27.88
Lao People's Democratic Republic,2000,42.5,27.41,0.473,81.54
Lao People's Democratic Republic,2012,76.37,66.79,0.577,62.36
Lao People's Democratic Republic,2013,79.58,71.1,0.587,58.57
Lao People's Democratic Republic,2014,83.13,76.02,0.597,58.25
Lao People's Democratic Republic,2015,89.7,85.69,0.604,53.27
Lao People's Democratic Republic,2016,90.55,86.42,0.609,51.7
Lao People's Democratic Republic,2017,93.6,90.51,0.612,50.58
Lao People's Democratic Republic,2018,97.8,96.89,0.613,50.22
Lao People's Democratic Republic,2019,99.09,98.78,0.615,48.43
Late-demographic dividend,2000,95.66,92.3,,21.62
Late-demographic dividend,2012,98.76,98.32,,13.72
Late-demographic dividend,2013,98.93,98.64,,13.72
Late-demographic dividend,2014,98.94,98.68,,13.93
Late-demographic dividend,2015,98.83,98.98,,13.99
Latin America & Caribbean (excluding high income),2000,91.09,70.22,,29.51
Latin America & Caribbean (excluding high income),2012,96.3,85.53,,29.07
Latin America & Caribbean (excluding high income),2013,96.62,86.55,,28.81
Latin America & Caribbean (excluding high income),2014,96.77,87.14,,28.99
Latin America & Caribbean (excluding high income),2015,97.05,88.45,,29.17
Latin America & the Caribbean (IDA & IBRD countries),2000,91.53,70.59,,28.26
Latin America & the Caribbean (IDA & IBRD countries),2012,96.51,85.87,,27.81
Latin America & the Caribbean (IDA & IBRD countries),2013,96.79,86.82,,27.84
Latin America & the Caribbean (IDA & IBRD countries),2014,96.98,87.61,,27.6
Latin America & the Caribbean (IDA & IBRD countries),2015,97.24,88.86,,28.16
Latin America and the Caribbean,2000,91.73,71.08,,28.18
Latin America and the Caribbean,2012,96.56,86.05,,27.53
Latin America and the Caribbean,2013,96.84,86.99,,27.55
Latin America and the Caribbean,2014,97.03,87.78,,27.39
Latin America and the Caribbean,2015,97.29,89.03,,27.91
Latvia,2000,100,100,0.764,35.82
Latvia,2012,100,100,0.843,40.37
Latvia,2013,100,100,0.852,39.6
Latvia,2014,100,100,0.854,40.24
Latvia,2015,100,100,0.859,38.1
Latvia,2016,100,100,0.864,38.48
Latvia,2017,100,100,0.87,42.6
Latvia,2018,100,100,0.875,40.97
Latvia,2019,100,100,0.88,41.52
Least developed countries,2000,20.08,11.36,,83.82
Least developed countries,2012,38.12,28.44,,74.27
Least developed countries,2013,38.25,27.75,,73.71
Least developed countries,2014,39.47,27.92,,73.02
Least developed countries,2015,42.41,29.23,,72.95
Lebanon,2000,99.35,100,,4.89
Lebanon,2012,99.51,96.03,0.762,5.56
Lebanon,2013,99.5,95.87,0.762,5.92
Lebanon,2014,99.48,95.7,0.761,4.24
Lebanon,2015,99.58,96.5,0.763,4.17
Lebanon,2016,99.73,97.66,0.767,3.96
Lebanon,2017,99.88,98.96,0.772,3.97
Lebanon,2018,99.7,97.37,0.774,4.75
Lebanon,2019,99.97,99.78,0.771,5.46
Lesotho,2000,4.26,1.99,0.462,56.7
Lesotho,2012,20.56,7.19,0.496,40.53
Lesotho,2013,26.77,14.66,0.502,45.58
Lesotho,2014,27.8,15.65,0.509,42.39
Lesotho,2015,31.68,19.63,0.517,44.94
Lesotho,2016,35.07,23.32,0.526,43.55
Lesotho,2017,33.7,20.22,0.531,39.62
Lesotho,2018,47,,0.538,40.22
Lesotho,2019,44.5,32.45,0.541,39.47
Liberia,2000,,,,90.88
Liberia,2012,9.11,2.61,0.475,86.21
Liberia,2013,9.8,3.46,0.481,87.54
Liberia,2014,9.4,4.13,0.479,84.02
Liberia,2015,15.16,5.07,0.48,83.93
Liberia,2016,17.7,4.06,0.485,82.66
Liberia,2017,24.2,7.44,0.491,84.77
Liberia,2018,22.88,7.81,0.495,87.06
Liberia,2019,23.1,8.27,0.497,87.24
Libya,2000,99.8,99.15,0.727,2.04
Libya,2012,78.31,,0.758,2.72
Libya,2013,76.66,,0.748,2.48
Libya,2014,75.04,,0.728,2.41
Libya,2015,73.43,,0.728,3.05
Libya,2016,71.83,,0.725,2.58
Libya,2017,70.24,,0.74,2.72
Libya,2018,67,,0.743,2.75
Libya,2019,68.64,,0.737,2.8
Liechtenstein,2000,100,100,0.882,53.95
Liechtenstein,2012,100,100,0.919,55.5
Liechtenstein,2013,100,100,0.92,53.53
Liechtenstein,2014,100,100,0.923,54.97
Liechtenstein,2015,100,100,0.925,55.53
Liechtenstein,2016,100,100,0.926,55.82
Liechtenstein,2017,100,100,0.929,55.33
Liechtenstein,2018,100,100,0.928,56.81
Liechtenstein,2019,100,100,0.935,56.13
Lithuania,2000,100,100,0.778,17.19
Lithuania,2012,100,100,0.862,23.92
Lithuania,2013,100,100,0.865,26.34
Lithuania,2014,100,100,0.866,27.73
Lithuania,2015,100,100,0.869,28.96
Lithuania,2016,100,100,0.875,31.47
Lithuania,2017,100,100,0.885,33.78
Lithuania,2018,100,100,0.889,33.73
Lithuania,2019,100,100,0.894,33.53
Low & middle income,2000,73.37,63.18,,29.92
Low & middle income,2012,81.54,71.93,,21.85
Low & middle income,2013,82.17,72.52,,21.95
Low & middle income,2014,82.67,72.65,,21.92
Low & middle income,2015,83.87,73.82,,22.02
Lower-middle-income countries,2000,62.53,48.81,,41.35
Lower-middle-income countries,2012,77.55,67.52,,34.31
Lower-middle-income countries,2013,78.74,69.21,,34.32
Lower-middle-income countries,2014,79.63,70.39,,33.54
Lower-middle-income countries,2015,82.35,74.08,,33.25
Low-income countries,2000,15.67,,,70.44
Low-income countries,2012,29.78,19.46,,73.19
Low-income countries,2013,30.82,20.47,,74.87
Low-income countries,2014,32.16,20.37,,74.62
Low-income countries,2015,32.09,18.17,,77.14
Luxembourg,2000,100,100,0.861,6.81
Luxembourg,2012,100,100,0.914,4.15
Luxembourg,2013,100,100,0.919,5.72
Luxembourg,2014,100,100,0.924,6.85
Luxembourg,2015,100,100,0.913,9.09
Luxembourg,2016,100,100,0.916,13.5
Luxembourg,2017,100,100,0.913,15.33
Luxembourg,2018,100,100,0.915,16.09
Luxembourg,2019,100,100,0.916,16.45
Madagascar,2000,12.72,,0.443,82.62
Madagascar,2012,18.7,,0.496,83.4
Madagascar,2013,12.9,,0.497,81.17
Madagascar,2014,22.24,0.87,0.5,80.12
Madagascar,2015,23.01,0.86,0.501,80.55
Madagascar,2016,22.9,,0.501,83.85
Madagascar,2017,24.1,,0.505,81.32
Madagascar,2018,36.5,,0.501,83.74
Madagascar,2019,31.04,,0.495,82.77
Malawi,2000,4.8,0.71,0.394,82.62
Malawi,2012,7.4,1.82,0.488,80.11
Malawi,2013,9,3.76,0.494,79.68
Malawi,2014,11.9,5.32,0.5,82.7
Malawi,2015,10.8,3.41,0.504,80.87
Malawi,2016,11,4.87,0.506,78.69
Malawi,2017,12.7,3.71,0.508,75.94
Malawi,2018,18.02,11.42,0.51,73.03
Malawi,2019,11.2,4.09,0.513,73.02
Malaysia,2000,99.1,98.58,0.733,4.44
Malaysia,2012,99.8,99.54,0.787,2.52
Malaysia,2013,99.6,98.75,0.791,2.75
Malaysia,2014,99.65,98.77,0.795,3.03
Malaysia,2015,99.78,99.17,0.8,3.41
Malaysia,2016,99.9,99.6,0.805,4.43
Malaysia,2017,99.95,99.81,0.807,5.22
Malaysia,2018,99.99,99.97,0.809,5.31
Malaysia,2019,100,100,0.812,5.11
Maldives,2000,83.8,77.88,0.639,2.34
Maldives,2012,99.39,99.13,0.704,1.2
Maldives,2013,99.47,99.22,0.71,1.26
Maldives,2014,100,100,0.718,1.2
Maldives,2015,99.71,99.53,0.725,1.38
Maldives,2016,100,100,0.732,1.21
Maldives,2017,99.8,99.86,0.739,1.25
Maldives,2018,100,100,0.744,1.12
Maldives,2019,100,100,0.749,1.11
Mali,2000,9.59,,0.32,83.47
Mali,2012,25.6,,0.411,78.7
Mali,2013,32.29,3.22,0.409,80.92
Mali,2014,34.11,4.42,0.414,80.93
Mali,2015,37.6,7.28,0.413,79.93
Mali,2016,38.79,8.36,0.411,76.16
Mali,2017,34.78,,0.416,76.37
Mali,2018,50.9,,0.421,76.61
Mali,2019,47.84,15.03,0.425,76.64
Malta,2000,100,100,0.79,0
Malta,2012,100,100,0.87,2.67
Malta,2013,100,100,0.88,3.24
Malta,2014,100,100,0.886,4.48
Malta,2015,100,100,0.892,5.98
Malta,2016,100,100,0.891,9.22
Malta,2017,100,100,0.901,7.27
Malta,2018,100,100,0.908,7.54
Malta,2019,100,100,0.91,7.7
Marshall Islands,2000,68.48,23.16,,19.57
Marshall Islands,2012,90.56,83.03,0.668,12.03
Marshall Islands,2013,91.2,84.27,0.676,12.08
Marshall Islands,2014,91.82,85.66,0.681,11.75
Marshall Islands,2015,92.53,87.39,0.691,11.32
Marshall Islands,2016,93.37,89.27,0.696,11.75
Marshall Islands,2017,94.3,91.31,0.702,11.75
Marshall Islands,2018,95.92,97.02,0.71,11.72
Marshall Islands,2019,97.54,100,0.722,11.7
Mauritania,2000,18.75,2.59,0.468,44.41
Mauritania,2012,36.36,,0.538,31.84
Mauritania,2013,37.54,,0.544,35.02
Mauritania,2014,38.8,,0.547,30.92
Mauritania,2015,39.5,,0.551,28.2
Mauritania,2016,41.32,,0.548,31.66
Mauritania,2017,42.9,,0.551,26.54
Mauritania,2018,44.31,,0.561,25.17
Mauritania,2019,45.83,,0.566,24.7
Mauritius,2000,99,98.26,0.683,20.42
Mauritius,2012,99.57,99.41,0.778,11.45
Mauritius,2013,99.48,99.26,0.781,11.39
Mauritius,2014,99.38,99.2,0.79,10.59
Mauritius,2015,99.36,99.19,0.792,11.49
Mauritius,2016,99.48,99.4,0.795,10.33
Mauritius,2017,99.61,99.61,0.799,9.42
Mauritius,2018,99.45,99.31,0.801,9.19
Mauritius,2019,100,100,0.803,8.94
Mexico,2000,98.01,93.8,0.712,12.17
Mexico,2012,99.11,97.16,0.764,8.97
Mexico,2013,99.15,96.75,0.765,9.23
Mexico,2014,99.17,97.43,0.769,9.76
Mexico,2015,99,97.85,0.773,9.19
Mexico,2016,99.5,98.33,0.778,9.22
Mexico,2017,100,100,0.781,9.99
Mexico,2018,99.5,98.29,0.785,10.03
Mexico,2019,99.6,98.24,0.788,10.34
Micronesia (Federated States of),2000,46,39.1,0.596,1.27
Micronesia (Federated States of),2012,68.43,63.23,0.605,1.42
Micronesia (Federated States of),2013,70.25,65.23,0.603,1.41
Micronesia (Federated States of),2014,72.05,67.16,0.602,1.4
Micronesia (Federated States of),2015,73.94,69.2,0.604,1.44
Micronesia (Federated States of),2016,75.96,71.42,0.606,1.57
Micronesia (Federated States of),2017,77.94,73.58,0.607,1.41
Micronesia (Federated States of),2018,79.7,75.46,0.608,1.75
Micronesia (Federated States of),2019,81.28,77.09,0.611,1.78
Middle East & North Africa,2000,92.45,82.82,,2.19
Middle East & North Africa,2012,95.27,88.79,,1.64
Middle East & North Africa,2013,97.02,93.24,,1.67
Middle East & North Africa,2014,96.01,91.04,,1.58
Middle East & North Africa,2015,96.45,92.09,,1.56
Middle East & North Africa (excluding high income),2000,91.46,81.96,,2.99
Middle East & North Africa (excluding high income),2012,94.51,88.14,,2.63
Middle East & North Africa (excluding high income),2013,96.53,92.85,,2.67
Middle East & North Africa (excluding high income),2014,95.36,90.53,,2.53
Middle East & North Africa (excluding high income),2015,95.87,91.65,,2.52
Middle East & North Africa (IDA & IBRD countries),2000,91.37,81.84,,2.95
Middle East & North Africa (IDA & IBRD countries),2012,94.45,88.06,,2.59
Middle East & North Africa (IDA & IBRD countries),2013,96.49,92.8,,2.63
Middle East & North Africa (IDA & IBRD countries),2014,95.31,90.46,,2.49
Middle East & North Africa (IDA & IBRD countries),2015,95.82,91.59,,2.48
Middle-income countries,2000,77.97,66.24,,28.18
Middle-income countries,2012,87,77.89,,20.09
Middle-income countries,2013,87.66,78.89,,20.14
Middle-income countries,2014,88.15,79.58,,20.09
Middle-income countries,2015,89.56,81.95,,20.16
Mongolia,2000,67.3,27.6,0.611,5.73
Mongolia,2012,84.48,55.86,0.735,2.97
Mongolia,2013,81.2,45.77,0.744,3.01
Mongolia,2014,87.08,63.44,0.748,3.34
Mongolia,2015,88.4,67.36,0.753,3.55
Mongolia,2016,89.84,71.54,0.759,3.39
Mongolia,2017,92.51,78.59,0.759,3.19
Mongolia,2018,98.1,94.63,0.767,3.26
Mongolia,2019,97.23,91.88,0.758,3.32
Montenegro,2012,100,100,0.825,45.86
Montenegro,2013,99.7,100,0.83,49.34
Montenegro,2014,97.7,100,0.833,45.95
Montenegro,2015,100,100,0.839,42.96
Montenegro,2016,100,100,0.836,43.89
Montenegro,2017,100,100,0.843,37.77
Montenegro,2018,100,100,0.849,40.6
Montenegro,2019,100,100,0.851,38.74
Morocco,2000,69.57,36.52,0.528,15.26
Morocco,2012,94.21,88.95,0.629,10.93
Morocco,2013,97.2,94.98,0.639,11.59
Morocco,2014,91.6,86.14,0.648,11.14
Morocco,2015,97.3,94.49,0.659,11.25
Morocco,2016,97.8,95.42,0.665,11.06
Morocco,2017,100,100,0.674,10.45
Morocco,2018,98.1,96.1,0.68,10.9
Morocco,2019,99.6,98.93,0.687,10.69
Mozambique,2000,6.1,,0.311,93.64
Mozambique,2012,21.23,2.27,0.431,85.15
Mozambique,2013,22.42,2.81,0.443,83.73
Mozambique,2014,24.8,2.67,0.45,81.92
Mozambique,2015,24,0.93,0.457,80.8
Mozambique,2016,26.25,4.8,0.46,78.2
Mozambique,2017,24.3,4.42,0.461,78.9
Mozambique,2018,31.1,7.99,0.469,79.57
Mozambique,2019,29.67,5.09,0.475,78.08
Myanmar,2000,41.83,26.83,0.415,80.17
Myanmar,2012,55.17,41.2,0.535,78.46
Myanmar,2013,56.35,42.52,0.546,75.96
Myanmar,2014,52,37.88,0.557,72.43
Myanmar,2015,60.5,47.6,0.566,70.43
Myanmar,2016,55.6,39.81,0.574,69.25
Myanmar,2017,69.81,59.92,0.587,59.92
Myanmar,2018,66.23,54.82,0.6,59.55
Myanmar,2019,68.36,57.58,0.61,57.85
Namibia,2000,36.5,18.93,0.561,34.73
Namibia,2012,46.63,25.85,0.607,31.74
Namibia,2013,47.4,27.31,0.616,30.55
Namibia,2014,48.73,27.54,0.624,30.09
Namibia,2015,51.6,31.29,0.63,28.99
Namibia,2016,49.7,31.64,0.634,29.33
Namibia,2017,52.5,31.61,0.638,29.94
Namibia,2018,54,33.6,0.642,30.66
Namibia,2019,55.18,35,0.647,30.69
Nauru,2000,99.44,,,0
Nauru,2012,99.22,,0.633,0.07
Nauru,2013,99.27,,0.64,0.06
Nauru,2014,99.34,,0.655,0.05
Nauru,2015,99,100,0.66,0.1
Nauru,2016,99.71,,0.67,0.18
Nauru,2017,99.87,,0.67,0.6
Nauru,2018,99.93,,0.668,0.66
Nauru,2019,100,100,0.678,0.61
Nepal,2000,29.05,20.38,0.471,88.29
Nepal,2012,74.97,70.61,0.565,84.7
Nepal,2013,77.47,73.55,0.57,86.05
Nepal,2014,84.9,82.06,0.574,84.06
Nepal,2015,82.52,79.64,0.575,85.04
Nepal,2016,90.7,89.81,0.58,79.2
Nepal,2017,87.9,86,0.588,76.41
Nepal,2018,93.92,93.47,0.596,74.27
Nepal,2019,89.9,,0.604,77.39
Netherlands,2000,100,100,0.9,1.73
Netherlands,2012,100,100,0.935,4.9
Netherlands,2013,100,100,0.937,4.94
Netherlands,2014,100,100,0.939,5.53
Netherlands,2015,100,100,0.94,5.72
Netherlands,2016,100,100,0.941,5.59
Netherlands,2017,100,100,0.945,6.36
Netherlands,2018,100,100,0.947,7.39
Netherlands,2019,100,100,0.95,8.54
New Caledonia,2000,100,100,,7.54
New Caledonia,2012,100,100,,6.17
New Caledonia,2013,100,100,,6.56
New Caledonia,2014,100,100,,4.29
New Caledonia,2015,100,100,,5.09
New Caledonia,2016,100,100,,3.7
New Caledonia,2017,100,100,,5.08
New Caledonia,2018,100,100,,4.77
New Caledonia,2019,100,100,,5.4
New Zealand,2000,100,100,0.896,29.13
New Zealand,2012,100,100,0.929,31.02
New Zealand,2013,100,100,0.933,30.36
New Zealand,2014,100,100,0.932,31.09
New Zealand,2015,100,100,0.934,31.24
New Zealand,2016,100,100,0.938,31.83
New Zealand,2017,100,100,0.936,30.22
New Zealand,2018,100,100,0.938,30.73
New Zealand,2019,100,100,0.938,29.65
Nicaragua,2000,72.78,47.21,0.593,58.42
Nicaragua,2012,79.64,55.19,0.664,53.27
Nicaragua,2013,80.82,57.32,0.668,54.28
Nicaragua,2014,81.85,59.27,0.674,53.02
Nicaragua,2015,83.25,61.94,0.679,50
Nicaragua,2016,84.64,64.61,0.684,49.54
Nicaragua,2017,85.99,67.08,0.688,48.91
Nicaragua,2018,87.12,69.21,0.69,51.44
Nicaragua,2019,88.06,71.13,0.69,50.71
Niger,2000,6.48,,0.266,87.62
Niger,2012,14.4,5.23,0.356,72.71
Niger,2013,15.17,6.67,0.362,78.7
Niger,2014,15.77,7.69,0.369,78.08
Niger,2015,16.6,8.14,0.374,78.88
Niger,2016,17.27,9.18,0.38,80.25
Niger,2017,18.05,9.85,0.384,82.01
Niger,2018,17.6,11.7,0.391,82
Niger,2019,18.97,12.81,0.4,80.83
Nigeria,2000,43.12,21.27,0.435,86.21
Nigeria,2012,53.23,27.73,0.512,84.57
Nigeria,2013,55.6,31.63,0.517,82.19
Nigeria,2014,54.05,27.37,0.524,80.64
Nigeria,2015,52.5,25.9,0.53,82.15
Nigeria,2016,59.3,33.97,0.532,82.02
Nigeria,2017,54.4,,0.534,82.32
Nigeria,2018,56.5,,0.537,82.28
Nigeria,2019,55.4,,0.544,81.4
North America,2000,100,100,,7.25
North America,2012,100,100,,10.24
North America,2013,100,100,,10.58
North America,2014,100,100,,10.69
North America,2015,100,100,,10.53
North Macedonia,2000,100,100,0.686,19.38
North Macedonia,2012,100,100,0.775,18.27
North Macedonia,2013,100,100,0.782,21.16
North Macedonia,2014,100,100,0.788,21.19
North Macedonia,2015,100,100,0.795,23.91
North Macedonia,2016,100,100,0.8,21.37
North Macedonia,2017,100,100,0.807,19
North Macedonia,2018,99.8,100,0.814,20.87
North Macedonia,2019,100,100,0.805,16.32
Northern Mariana Islands,2000,100,100,,0
Northern Mariana Islands,2012,100,100,,0
Northern Mariana Islands,2013,100,100,,0
Northern Mariana Islands,2014,100,100,,0
Northern Mariana Islands,2015,100,100,,0
Northern Mariana Islands,2016,100,100,,0
Northern Mariana Islands,2017,100,100,,0
Northern Mariana Islands,2018,100,100,,0
Northern Mariana Islands,2019,100,100,,0
Norway,2000,100,100,0.924,60.18
Norway,2012,100,100,0.95,58
Norway,2013,100,100,0.953,57.42
Norway,2014,100,100,0.956,56.9
Norway,2015,100,100,0.959,58.12
Norway,2016,100,100,0.962,59.39
Norway,2017,100,100,0.965,61.09
Norway,2018,100,100,0.966,60.75
Norway,2019,100,100,0.967,62.37
OECD members,2000,99.64,98.75,,7.9
OECD members,2012,99.82,99.26,,11.51
OECD members,2013,99.84,99.33,,12
OECD members,2014,99.85,99.39,,12.23
OECD members,2015,99.84,99.5,,12.35
Oman,2000,100,100,0.707,0
Oman,2012,100,100,0.824,0
Oman,2013,100,100,0.827,0
Oman,2014,100,100,0.831,0
Oman,2015,100,100,0.838,0
Oman,2016,100,100,0.845,0
Oman,2017,100,100,0.848,0
Oman,2018,100,100,0.854,0
Oman,2019,100,100,0.857,0
Other small states,2000,56.58,32.23,,31.49
Other small states,2012,68.55,43.99,,26.22
Other small states,2013,69.57,45.95,,28.77
Other small states,2014,70.83,46.65,,26.69
Other small states,2015,72.35,48.63,,27.01
Pacific island small states,2000,54.93,53.95,,43.46
Pacific island small states,2012,73.14,62.22,,29.6
Pacific island small states,2013,72.71,61.95,,30.12
Pacific island small states,2014,76.97,67.73,,30.31
Pacific island small states,2015,79.56,71.7,,30.4
Pakistan,2000,70.31,58.79,0.436,51.05
Pakistan,2012,70.96,56.22,0.508,47.2
Pakistan,2013,71.08,56.08,0.512,48.13
Pakistan,2014,71.22,55.96,0.522,47.22
Pakistan,2015,71.38,55.87,0.527,45.88
Pakistan,2016,71.55,55.8,0.535,43.69
Pakistan,2017,70.79,54.27,0.537,42.09
Pakistan,2018,72.78,57.13,0.538,43.3
Pakistan,2019,74.13,59.02,0.54,43.36
Palau,2000,98.17,95.98,0.736,0
Palau,2012,97.63,94.88,0.787,0
Palau,2013,99.05,96.92,0.791,0
Palau,2014,99.81,99.16,0.795,0.02
Palau,2015,99.37,97.8,0.802,0.04
Palau,2016,100,100,0.804,0.05
Palau,2017,100,100,0.804,0.05
Palau,2018,100,100,0.805,0.3
Palau,2019,100,100,0.806,0.29
Panama,2000,81.4,55.42,0.718,27.67
Panama,2012,89.77,72.65,0.798,21.25
Panama,2013,89.1,71.2,0.799,20.71
Panama,2014,91.44,76.64,0.798,19.78
Panama,2015,92.29,78.72,0.803,21.9
Panama,2016,93.16,80.89,0.81,22.1
Panama,2017,93.7,82.09,0.815,23.6
Panama,2018,94.93,85.45,0.82,24.44
Panama,2019,95.82,87.83,0.824,18.91
Papua New Guinea,2000,7.58,,0.456,66.38
Papua New Guinea,2012,35.28,29.45,0.514,55.45
Papua New Guinea,2013,37.65,32,0.522,58.27
Papua New Guinea,2014,40.05,34.58,0.534,56.82
Papua New Guinea,2015,42.88,37.65,0.543,55.15
Papua New Guinea,2016,49.4,44.91,0.55,54.56
Papua New Guinea,2017,54.4,50.46,0.555,54.45
Papua New Guinea,2018,55.73,51.78,0.559,52.96
Papua New Guinea,2019,59.66,56.13,0.566,53.09
Paraguay,2000,89.42,79.19,0.664,70.41
Paraguay,2012,97.84,95.14,0.719,63.43
Paraguay,2013,99.02,97.87,0.73,62.55
Paraguay,2014,99,97.73,0.733,62.54
Paraguay,2015,99.33,98.58,0.737,60.51
Paraguay,2016,98.4,96.05,0.737,62.49
Paraguay,2017,99.3,98.51,0.74,60.12
Paraguay,2018,99.6,99.12,0.744,59.24
Paraguay,2019,99.7,99.38,0.747,60.09
Peru,2000,72.5,11.09,0.682,38.57
Peru,2012,91.1,66.17,0.748,30.8
Peru,2013,92.14,69.91,0.757,28.35
Peru,2014,92.92,72.77,0.763,28.56
Peru,2015,93.85,76.69,0.768,27.43
Peru,2016,94.2,77.97,0.775,27.2
Peru,2017,94.8,80.5,0.775,27.59
Peru,2018,95.2,81.8,0.78,27.89
Peru,2019,95.55,82.95,0.784,27.12
Philippines,2000,74.66,61.7,0.632,33.42
Philippines,2012,87.08,80.7,0.681,34.06
Philippines,2013,87.5,81.9,0.687,33.05
Philippines,2014,89.72,84.57,0.689,32.33
Philippines,2015,89.08,83.19,0.69,30.75
Philippines,2016,92.07,88.14,0.69,28.45
Philippines,2017,93,90.02,0.694,27.68
Philippines,2018,94.45,91.83,0.7,27.51
Philippines,2019,95.65,93.7,0.708,26.73
Poland,2000,100,100,0.801,6.93
Poland,2012,100,100,0.863,10.91
Poland,2013,100,100,0.873,11.41
Poland,2014,100,100,0.873,11.58
Poland,2015,100,100,0.879,11.87
Poland,2016,100,100,0.884,11.34
Poland,2017,100,100,0.882,11.12
Poland,2018,100,100,0.884,11.27
Poland,2019,100,100,0.887,12.18
Portugal,2000,100,100,0.797,20.12
Portugal,2012,100,100,0.844,25.52
Portugal,2013,100,100,0.849,30.17
Portugal,2014,100,100,0.854,30.46
Portugal,2015,100,100,0.857,27.21
Portugal,2016,100,100,0.859,29
Portugal,2017,100,100,0.864,24.42
Portugal,2018,100,100,0.866,27.47
Portugal,2019,100,100,0.872,28.19
Post-demographic dividend,2000,99.97,99.86,,7.26
Post-demographic dividend,2012,99.97,99.89,,11
Post-demographic dividend,2013,99.98,99.9,,11.47
Post-demographic dividend,2014,99.98,99.92,,11.81
Post-demographic dividend,2015,99.99,99.93,,11.96
Pre-demographic dividend,2000,24.76,12.93,,78.08
Pre-demographic dividend,2012,37.51,21.49,,73.22
Pre-demographic dividend,2013,38.28,21.65,,72.32
Pre-demographic dividend,2014,39.78,22.67,,72.59
Pre-demographic dividend,2015,39.94,19.82,,73.61
Puerto Rico,2000,100,100,,0.55
Puerto Rico,2012,100,100,,0.53
Puerto Rico,2013,100,100,,1.38
Puerto Rico,2014,100,100,,1.65
Puerto Rico,2015,100,100,,1.86
Puerto Rico,2016,100,100,,1.89
Puerto Rico,2017,100,100,,2.26
Puerto Rico,2018,100,100,,1.36
Puerto Rico,2019,100,100,,2.42
Qatar,2000,100,100,0.795,0.08
Qatar,2012,100,100,0.846,0.04
Qatar,2013,100,100,0.859,0.04
Qatar,2014,100,100,0.857,0.05
Qatar,2015,100,100,0.86,0.05
Qatar,2016,100,100,0.861,0.06
Qatar,2017,100,100,0.87,0.07
Qatar,2018,100,100,0.876,0.05
Qatar,2019,100,100,0.88,0.04
Republic of Korea,2000,100,100,0.83,0.7
Republic of Korea,2012,100,100,0.901,1.61
Republic of Korea,2013,100,100,0.905,1.92
Republic of Korea,2014,100,100,0.91,2.87
Republic of Korea,2015,100,100,0.914,2.74
Republic of Korea,2016,100,100,0.918,2.55
Republic of Korea,2017,100,100,0.922,2.84
Republic of Korea,2018,100,100,0.924,3.18
Republic of Korea,2019,100,100,0.927,3.36
Republic of Moldova,2000,100,100,,5.72
Republic of Moldova,2012,100,100,0.754,22.14
Republic of Moldova,2013,100,100,0.758,23.82
Republic of Moldova,2014,100,100,0.762,24.31
Republic of Moldova,2015,100,100,0.759,24.73
Republic of Moldova,2016,100,100,0.763,25.3
Republic of Moldova,2017,99.98,100,0.769,26.07
Republic of Moldova,2018,99.99,100,0.772,25.75
Republic of Moldova,2019,100,100,0.775,22.04
Romania,2000,100,100,0.73,16.37
Romania,2012,100,100,0.817,21.53
Romania,2013,100,100,0.821,23.07
Romania,2014,100,100,0.82,24.31
Romania,2015,100,100,0.823,23.67
Romania,2016,99.1,100,0.823,24.4
Romania,2017,100,100,0.828,23.35
Romania,2018,100,100,0.833,23.03
Romania,2019,100,100,0.838,23.54
Russian Federation,2000,100,100,0.75,3.5
Russian Federation,2012,100,100,0.825,3.24
Russian Federation,2013,100,100,0.83,3.61
Russian Federation,2014,100,100,0.831,3.3
Russian Federation,2015,95.5,100,0.833,3.2
Russian Federation,2016,100,100,0.835,3.36
Russian Federation,2017,100,100,0.838,3.25
Russian Federation,2018,100,100,0.845,3.18
Russian Federation,2019,100,100,0.847,3.22
Rwanda,2000,6.2,,0.34,86.78
Rwanda,2012,17.5,7.28,0.521,88.78
Rwanda,2013,15.2,5.75,0.499,88.47
Rwanda,2014,19.8,9.17,0.525,87.95
Rwanda,2015,22.8,12.54,0.525,86.31
Rwanda,2016,29.37,18.96,0.534,86.23
Rwanda,2017,34.1,23.62,0.539,85.98
Rwanda,2018,36.97,27.12,0.54,84.5
Rwanda,2019,40.37,30.4,0.55,77.86
Saint Kitts and Nevis,2000,95.28,93.23,,26.64
Saint Kitts and Nevis,2012,100,100,0.808,1.31
Saint Kitts and Nevis,2013,100,100,0.818,1.38
Saint Kitts and Nevis,2014,100,100,0.829,1.63
Saint Kitts and Nevis,2015,100,100,0.83,1.63
Saint Kitts and Nevis,2016,100,100,0.832,1.68
Saint Kitts and Nevis,2017,100,100,0.834,1.6
Saint Kitts and Nevis,2018,100,100,0.835,1.6
Saint Kitts and Nevis,2019,100,100,0.839,1.58
Saint Lucia,2000,89.39,87.02,0.71,24.05
Saint Lucia,2012,95.34,95.62,0.748,12.39
Saint Lucia,2013,95.86,96.11,0.741,12.1
Saint Lucia,2014,96.44,96.77,0.746,11.72
Saint Lucia,2015,97.03,97.42,0.757,11.52
Saint Lucia,2016,97.64,98.03,0.76,11.17
Saint Lucia,2017,98.28,98.68,0.757,10.22
Saint Lucia,2018,98.88,99.32,0.759,10.22
Saint Lucia,2019,99.5,100,0.745,9.75
Saint Vincent and the Grenadines,2000,79.88,74.39,0.7,8.49
Saint Vincent and the Grenadines,2012,95.48,96.79,0.753,5.02
Saint Vincent and the Grenadines,2013,96.85,98.9,0.755,5.37
Saint Vincent and the Grenadines,2014,98.24,100,0.759,3.32
Saint Vincent and the Grenadines,2015,99.64,100,0.765,4.3
Saint Vincent and the Grenadines,2016,99.8,100,0.771,4.1
Saint Vincent and the Grenadines,2017,99.98,100,0.778,5.29
Saint Vincent and the Grenadines,2018,100,100,0.783,4.93
Saint Vincent and the Grenadines,2019,100,100,0.787,5.68
Samoa,2000,87.86,84.97,0.676,59.69
Samoa,2012,96.83,96.24,0.707,40.26
Samoa,2013,97.42,96.95,0.706,42.61
Samoa,2014,97.9,97.54,0.706,41.24
Samoa,2015,99.07,98.95,0.708,37.47
Samoa,2016,99.62,99.62,0.712,36.82
Samoa,2017,96.8,96.1,0.712,35.79
Samoa,2018,99.99,99.99,0.711,36.63
Samoa,2019,99.2,99.05,0.708,34.21
Sao Tome and Principe,2000,52.9,40.06,,54.73
Sao Tome and Principe,2012,57.9,42.77,0.574,38.89
Sao Tome and Principe,2013,64.85,50.05,0.585,39.36
Sao Tome and Principe,2014,68.6,52.41,0.596,39.63
Sao Tome and Principe,2015,67.25,53.62,0.608,40.23
Sao Tome and Principe,2016,69.32,58.59,0.613,39.2
Sao Tome and Principe,2017,74.27,76.2,0.617,38.42
Sao Tome and Principe,2018,71,55.74,0.621,37.85
Sao Tome and Principe,2019,74.97,68.07,0.625,37.09
Saudi Arabia,2000,100,100,0.737,0.01
Saudi Arabia,2012,100,100,0.819,0.01
Saudi Arabia,2013,100,100,0.827,0.01
Saudi Arabia,2014,100,100,0.841,0.01
Saudi Arabia,2015,100,100,0.851,0.01
Saudi Arabia,2016,99.9,100,0.86,0.01
Saudi Arabia,2017,99.93,100,0.869,0.02
Saudi Arabia,2018,100,100,0.875,0.02
Saudi Arabia,2019,100,100,0.878,0.03
Senegal,2000,37.74,12.81,0.398,47.52
Senegal,2012,56.5,32.57,0.499,49.6
Senegal,2013,57,31.78,0.504,42.69
Senegal,2014,61,41.01,0.508,42.53
Senegal,2015,60.5,38.14,0.509,39.11
Senegal,2016,64.5,44.5,0.516,36.72
Senegal,2017,61.7,35.37,0.517,37.93
Senegal,2018,66,41.42,0.522,36.15
Senegal,2019,70.4,47.82,0.52,37.2
Serbia,2000,100,100,0.701,22.09
Serbia,2012,100,100,0.788,19.47
Serbia,2013,99.92,100,0.792,20.03
Serbia,2014,99.66,100,0.795,23.25
Serbia,2015,99.9,100,0.802,21.24
Serbia,2016,100,100,0.806,20.91
Serbia,2017,100,100,0.808,20
Serbia,2018,100,100,0.814,21.05
Serbia,2019,99.8,100,0.817,21.53
Seychelles,2000,94.09,88.91,,1.52
Seychelles,2012,98.39,96.75,0.797,0.78
Seychelles,2013,98,96.15,0.797,1.48
Seychelles,2014,100,100,0.814,1.37
Seychelles,2015,100,100,0.819,1.36
Seychelles,2016,100,100,0.836,1.22
Seychelles,2017,100,100,0.844,1.25
Seychelles,2018,100,100,0.847,1.24
Seychelles,2019,100,100,0.85,1.47
Sierra Leone,2000,7.79,,0.318,91.31
Sierra Leone,2012,16.98,1.23,0.418,79.06
Sierra Leone,2013,13.5,,0.436,75.67
Sierra Leone,2014,18.67,1.52,0.438,73.88
Sierra Leone,2015,19.53,1.69,0.432,75
Sierra Leone,2016,20.3,1.64,0.441,73.6
Sierra Leone,2017,23.4,5.35,0.445,74.61
Sierra Leone,2018,26.1,6.43,0.451,75.95
Sierra Leone,2019,22.7,1.5,0.455,75.44
Singapore,2000,100,100,0.882,0.33
Singapore,2012,100,100,0.933,0.51
Singapore,2013,100,100,0.934,0.56
Singapore,2014,100,100,0.934,0.59
Singapore,2015,100,100,0.935,0.65
Singapore,2016,100,100,0.934,0.68
Singapore,2017,100,100,0.935,0.67
Singapore,2018,100,100,0.939,0.73
Singapore,2019,100,100,0.942,0.84
Sint Maarten (Dutch part),2000,100,,,0
Sint Maarten (Dutch part),2012,100,100,,0.05
Sint Maarten (Dutch part),2013,100,100,,0.05
Sint Maarten (Dutch part),2014,100,100,,0.05
Sint Maarten (Dutch part),2015,100,100,,0.05
Sint Maarten (Dutch part),2016,100,100,,0.05
Sint Maarten (Dutch part),2017,100,100,,0.05
Sint Maarten (Dutch part),2018,100,100,,0.05
Sint Maarten (Dutch part),2019,100,100,,0.05
Slovakia,2000,100,100,0.774,3.73
Slovakia,2012,100,100,0.856,10.47
Slovakia,2013,100,100,0.858,10.68
Slovakia,2014,100,100,0.859,12.24
Slovakia,2015,100,100,0.861,13.41
Slovakia,2016,100,100,0.864,13.09
Slovakia,2017,100,100,0.865,12.43
Slovakia,2018,100,100,0.868,12.43
Slovakia,2019,100,100,0.871,17.64
Slovenia,2000,100,100,0.829,17.96
Slovenia,2012,100,100,0.897,20.22
Slovenia,2013,100,100,0.907,22.48
Slovenia,2014,100,100,0.907,22.91
Slovenia,2015,100,100,0.909,21.38
Slovenia,2016,100,100,0.914,20.96
Slovenia,2017,100,100,0.918,19.71
Slovenia,2018,100,100,0.922,20.61
Slovenia,2019,100,100,0.923,20.86
Small states,2000,63.39,44.32,,26.95
Small states,2012,73.81,55.42,,23.11
Small states,2013,74.57,57.01,,25.08
Small states,2014,75.7,57.93,,23.39
Small states,2015,77.09,59.9,,23.75
Solomon Islands,2000,4.52,,0.547,55.26
Solomon Islands,2012,42.57,36.17,0.57,43.82
Solomon Islands,2013,44.7,40.42,0.576,41.83
Solomon Islands,2014,50.31,45.34,0.575,45.89
Solomon Islands,2015,55.1,51.5,0.576,48.64
Solomon Islands,2016,58.33,55.08,0.578,48.7
Solomon Islands,2017,62.9,60.41,0.581,48.98
Solomon Islands,2018,66.18,63.96,0.582,48.64
Solomon Islands,2019,69.81,68.04,0.583,48.39
Somalia,2000,1.89,,,93.28
Somalia,2012,51.76,40.68,,93.9
Somalia,2013,51.53,39.72,,94.4
Somalia,2014,51.29,38.83,,94.64
Somalia,2015,51.13,38.02,,94.5
Somalia,2016,51.11,37.27,,94.78
Somalia,2017,52.1,38.28,,94.9
Somalia,2018,50.76,35.22,,94.93
Somalia,2019,49.2,,,95.03
South Africa,2000,72.28,54.6,0.618,16.25
South Africa,2012,85.3,81.43,0.696,10.6
South Africa,2013,85.2,80.74,0.705,9.77
South Africa,2014,85.9,82.29,0.713,9.85
South Africa,2015,85.3,80.2,0.722,10.28
South Africa,2016,83.9,75.75,0.722,10.53
South Africa,2017,84.4,76.74,0.726,10.45
South Africa,2018,84.7,77.17,0.732,10.19
South Africa,2019,85,77.61,0.742,10.5
South Asia (IDA & IBRD),2000,56.38,45.15,,49.21
South Asia (IDA & IBRD),2012,77.44,68.95,,37.55
South Asia (IDA & IBRD),2013,78.66,70.6,,37.76
South Asia (IDA & IBRD),2014,80.69,73.05,,36.7
South Asia (IDA & IBRD),2015,84.54,78.36,,35.97
South Sudan,2012,3.14,1.42,0.389,30.56
South Sudan,2013,3.61,1.92,0.391,30.13
South Sudan,2014,4.1,2.44,0.343,29.85
South Sudan,2015,4.6,2.99,0.317,26.7
South Sudan,2016,5.12,3.55,0.297,28.79
South Sudan,2017,4.2,2.9,0.292,28.63
South Sudan,2018,6.17,4.68,0.371,28.65
South Sudan,2019,6.71,5.11,0.403,26.65
Spain,2000,100,100,0.833,7.88
Spain,2012,100,100,0.881,15.83
Spain,2013,100,100,0.886,16.99
Spain,2014,100,100,0.89,17.41
Spain,2015,100,100,0.895,16.33
Spain,2016,100,100,0.9,17.21
Spain,2017,100,100,0.902,15.71
Spain,2018,100,100,0.905,17.42
Spain,2019,100,100,0.91,17.27
Sri Lanka,2000,70.26,66.13,0.702,64.16
Sri Lanka,2012,87,84.62,0.759,60.7
Sri Lanka,2013,90.2,88.46,0.764,59.88
Sri Lanka,2014,92.66,91.27,0.767,57.31
Sri Lanka,2015,94.35,93.17,0.769,52.89
Sri Lanka,2016,97.5,97.16,0.772,50.92
Sri Lanka,2017,97.5,96.94,0.777,49.33
Sri Lanka,2018,99.56,99.47,0.782,51.4
Sri Lanka,2019,99.76,99.7,0.781,49.91
State of Palestine,2000,99.7,99.19,,17.52
State of Palestine,2012,99.8,99.38,0.704,12.24
State of Palestine,2013,99.9,99.67,0.706,11.74
State of Palestine,2014,99.9,100,0.7,10.76
State of Palestine,2015,99.9,99.6,0.712,10.99
State of Palestine,2016,100,100,0.717,12.32
State of Palestine,2017,99.7,99.07,0.721,10.51
State of Palestine,2018,100,100,0.725,12.73
State of Palestine,2019,100,100,0.729,13.86
Sub-Saharan Africa,2000,25.64,11.86,,72.49
Sub-Saharan Africa,2012,36.73,19.51,,68.63
Sub-Saharan Africa,2013,37.86,20.47,,67.47
Sub-Saharan Africa,2014,38.21,19.5,,67.04
Sub-Saharan Africa,2015,39.01,18.58,,67.53
Sub-Saharan Africa (excluding high income),2000,25.63,11.86,,72.53
Sub-Saharan Africa (excluding high income),2012,36.73,19.51,,68.65
Sub-Saharan Africa (excluding high income),2013,37.86,20.46,,67.49
Sub-Saharan Africa (excluding high income),2014,38.21,19.5,,67.06
Sub-Saharan Africa (excluding high income),2015,39.01,18.57,,67.54
Sub-Saharan Africa (IDA & IBRD countries),2000,25.64,11.86,,72.49
Sub-Saharan Africa (IDA & IBRD countries),2012,36.73,19.51,,68.63
Sub-Saharan Africa (IDA & IBRD countries),2013,37.86,20.47,,67.47
Sub-Saharan Africa (IDA & IBRD countries),2014,38.21,19.5,,67.04
Sub-Saharan Africa (IDA & IBRD countries),2015,39.01,18.58,,67.53
Sudan,2000,23,4.5,,80.42
Sudan,2012,41.59,25.01,0.482,63.76
Sudan,2013,43.34,27.06,0.488,65.7
Sudan,2014,44.9,28.95,0.496,64.91
Sudan,2015,46.9,31.35,0.498,63.02
Sudan,2016,48.85,33.63,0.502,59.52
Sudan,2017,50.75,35.82,0.506,60.47
Sudan,2018,52.45,37.76,0.515,61.27
Sudan,2019,53.96,39.51,0.517,62.23
Suriname,2000,95.49,90.84,,23.63
Suriname,2012,94.37,87.3,0.711,15.77
Suriname,2013,94.34,87,0.714,17.63
Suriname,2014,94.34,86.89,0.715,12.85
Suriname,2015,94.9,88.35,0.718,11.59
Suriname,2016,95.82,90.47,0.716,11.29
Suriname,2017,96.7,92.4,0.715,14.96
Suriname,2018,97.4,94.29,0.719,17.55
Suriname,2019,97.83,95.41,0.72,14.4
Sweden,2000,100,100,0.912,39.82
Sweden,2012,100,100,0.92,48.29
Sweden,2013,100,100,0.94,47.27
Sweden,2014,100,100,0.943,48.61
Sweden,2015,100,100,0.945,51.91
Sweden,2016,100,100,0.947,50.89
Sweden,2017,100,100,0.949,51.81
Sweden,2018,100,100,0.95,51.54
Sweden,2019,100,100,0.955,52.88
Switzerland,2000,100,100,0.892,18.19
Switzerland,2012,100,100,0.949,21.88
Switzerland,2013,100,100,0.952,21.83
Switzerland,2014,100,100,0.956,22.2
Switzerland,2015,100,100,0.957,23.94
Switzerland,2016,100,100,0.959,24.1
Switzerland,2017,100,100,0.96,24.99
Switzerland,2018,100,100,0.962,24.2
Switzerland,2019,100,100,0.965,24.76
Syrian Arab Republic,2000,93.48,87.27,0.594,2
Syrian Arab Republic,2012,90.79,80.18,0.626,1.99
Syrian Arab Republic,2013,90.15,79.25,0.567,3.07
Syrian Arab Republic,2014,89.98,79.33,0.561,2.68
Syrian Arab Republic,2015,89.82,78.71,0.549,0.58
Syrian Arab Republic,2016,89.67,78.1,0.552,1.16
Syrian Arab Republic,2017,89.53,77.49,0.551,0.85
Syrian Arab Republic,2018,86,69.46,0.557,0.9
Syrian Arab Republic,2019,89.27,76.25,0.569,1.02
Tajikistan,2000,98.47,98.03,0.554,62.41
Tajikistan,2012,99.1,98.85,0.649,55.8
Tajikistan,2013,98.86,98.68,0.655,55.12
Tajikistan,2014,98.96,98.83,0.657,45.89
Tajikistan,2015,98,97.82,0.658,48.11
Tajikistan,2016,99.21,99.19,0.661,41.16
Tajikistan,2017,99.3,99.34,0.666,41.69
Tajikistan,2018,99.3,99.34,0.67,39.47
Tajikistan,2019,99.63,99.83,0.673,38.56
Thailand,2000,82.1,73.96,0.657,21.82
Thailand,2012,99.11,98.82,0.75,23.56
Thailand,2013,99.44,99.03,0.752,23.21
Thailand,2014,99.46,99.16,0.784,24.41
Thailand,2015,99.6,99.51,0.788,22.65
Thailand,2016,99.85,99.87,0.792,22.43
Thailand,2017,99.9,99.9,0.794,22.25
Thailand,2018,99.82,99.73,0.796,23.7
Thailand,2019,99.9,99.9,0.8,23.96
Timor-Leste,2000,17.59,0.96,0.507,0
Timor-Leste,2012,55.9,42.57,0.65,25.61
Timor-Leste,2013,59.16,46.23,0.646,22.57
Timor-Leste,2014,62.44,49.88,0.637,18.08
Timor-Leste,2015,67.28,55.69,0.628,18
Timor-Leste,2016,76.5,67.18,0.618,12.67
Timor-Leste,2017,79.78,71.27,0.621,13.21
Timor-Leste,2018,85.38,79.08,0.624,12.71
Timor-Leste,2019,90.8,86.69,0.642,11.67
Togo,2000,16.96,6.39,0.448,77.11
Togo,2012,39,15.58,0.5,72.65
Togo,2013,40.83,16.91,0.507,76.19
Togo,2014,45.7,21.14,0.514,81.44
Togo,2015,44.65,19.64,0.523,81.03
Togo,2016,46.77,20.98,0.528,80.65
Togo,2017,48,19.46,0.534,77.73
Togo,2018,50,26.32,0.542,75.08
Togo,2019,52.36,23.57,0.549,76.21
Tonga,2000,85.58,82.36,0.688,2.48
Tonga,2012,92.8,91.3,0.735,1.15
Tonga,2013,94.98,93.92,0.737,1.58
Tonga,2014,95.79,94.92,0.74,1.7
Tonga,2015,100,100,0.743,1.94
Tonga,2016,97.02,96.53,0.749,2.03
Tonga,2017,98.36,97.91,0.755,1.96
Tonga,2018,99.13,98.89,0.759,1.78
Tonga,2019,98.4,97.92,0.763,1.77
Trinidad and Tobago,2000,91.29,80.25,0.714,0.76
Trinidad and Tobago,2012,100,100,0.796,0.37
Trinidad and Tobago,2013,100,100,0.802,0.36
Trinidad and Tobago,2014,100,100,0.805,0.35
Trinidad and Tobago,2015,100,100,0.808,0.37
Trinidad and Tobago,2016,100,100,0.806,0.43
Trinidad and Tobago,2017,100,100,0.806,0.42
Trinidad and Tobago,2018,100,100,0.803,0.45
Trinidad and Tobago,2019,100,100,0.805,0.43
Tunisia,2000,94.8,86.03,0.654,14.24
Tunisia,2012,99.5,98.59,0.72,13
Tunisia,2013,99.7,99.13,0.722,13.17
Tunisia,2014,99.8,99.39,0.725,12.86
Tunisia,2015,99.9,99.9,0.728,12.5
Tunisia,2016,100,100,0.733,12.4
Tunisia,2017,100,100,0.737,11.82
Tunisia,2018,99.8,99.58,0.742,11.91
Tunisia,2019,100,100,0.74,12.2
TÃ¼rkiye,2000,100,100,0.669,17.29
TÃ¼rkiye,2012,100,100,0.772,13.03
TÃ¼rkiye,2013,100,100,0.802,13.8
TÃ¼rkiye,2014,100,100,0.813,11.51
TÃ¼rkiye,2015,100,100,0.821,13.34
TÃ¼rkiye,2016,100,100,0.826,13.23
TÃ¼rkiye,2017,100,100,0.833,11.4
TÃ¼rkiye,2018,100,100,0.838,11.83
TÃ¼rkiye,2019,100,100,0.841,14.12
Turkmenistan,2000,99.6,99.52,,0.09
Turkmenistan,2012,99.9,99.8,0.714,0.05
Turkmenistan,2013,99.91,99.83,0.716,0.06
Turkmenistan,2014,99.94,99.87,0.719,0.05
Turkmenistan,2015,100,100,0.725,0.05
Turkmenistan,2016,99.99,99.98,0.729,0.05
Turkmenistan,2017,100,99.99,0.732,0.06
Turkmenistan,2018,100,100,0.735,0.06
Turkmenistan,2019,99.9,99.9,0.741,0.06
Turks and Caicos Islands,2000,95.6,72.29,,0.45
Turks and Caicos Islands,2012,93.1,100,,0.37
Turks and Caicos Islands,2013,100,100,,0.37
Turks and Caicos Islands,2014,100,100,,0.36
Turks and Caicos Islands,2015,100,100,,0.37
Turks and Caicos Islands,2016,100,100,,0.37
Turks and Caicos Islands,2017,100,100,,0.32
Turks and Caicos Islands,2018,100,100,,0.44
Turks and Caicos Islands,2019,100,100,,0.45
Tuvalu,2000,94.63,93.47,0.61,0
Tuvalu,2012,97.67,96.17,0.642,0.31
Tuvalu,2013,97.41,95.31,0.647,0.83
Tuvalu,2014,97.7,95.67,0.65,0.8
Tuvalu,2015,98.01,96.03,0.658,3.88
Tuvalu,2016,97.3,93.79,0.664,9.46
Tuvalu,2017,98.85,97.35,0.668,8.74
Tuvalu,2018,99.07,97.65,0.672,8.32
Tuvalu,2019,99.7,99.53,0.681,8.2
Uganda,2000,7.35,1.51,0.407,95.01
Uganda,2012,20.32,11.52,0.526,92.95
Uganda,2013,13.9,2.8,0.532,92.55
Uganda,2014,20.4,11.91,0.539,91.84
Uganda,2015,18.5,9.05,0.547,91.07
Uganda,2016,26.7,17.69,0.553,90.83
Uganda,2017,32.52,23.15,0.557,90.76
Uganda,2018,41.92,32.54,0.563,90.07
Uganda,2019,41.3,31.8,0.569,90.22
Ukraine,2000,100,100,0.716,1.25
Ukraine,2012,99.87,100,0.789,2.86
Ukraine,2013,100,100,0.789,3.49
Ukraine,2014,100,100,0.788,3.5
Ukraine,2015,100,100,0.778,4.15
Ukraine,2016,100,100,0.78,5.48
Ukraine,2017,100,100,0.785,6.48
Ukraine,2018,100,100,0.784,6.92
Ukraine,2019,100,100,0.789,7.44
United Arab Emirates,2000,100,100,0.79,0.08
United Arab Emirates,2012,100,100,0.843,0.1
United Arab Emirates,2013,100,100,0.846,0.1
United Arab Emirates,2014,100,100,0.853,0.14
United Arab Emirates,2015,100,100,0.857,0.13
United Arab Emirates,2016,100,100,0.861,0.12
United Arab Emirates,2017,100,100,0.884,0.19
United Arab Emirates,2018,100,100,0.901,0.32
United Arab Emirates,2019,100,100,0.915,0.67
United Kingdom of Great Britain and Northern Ireland,2000,100,100,0.87,0.96
United Kingdom of Great Britain and Northern Ireland,2012,100,100,0.917,4.77
United Kingdom of Great Britain and Northern Ireland,2013,100,100,0.931,6.02
United Kingdom of Great Britain and Northern Ireland,2014,100,100,0.932,7.36
United Kingdom of Great Britain and Northern Ireland,2015,100,100,0.931,8.61
United Kingdom of Great Britain and Northern Ireland,2016,100,100,0.934,8.6
United Kingdom of Great Britain and Northern Ireland,2017,100,100,0.937,9.7
United Kingdom of Great Britain and Northern Ireland,2018,100,100,0.936,10.99
United Kingdom of Great Britain and Northern Ireland,2019,100,100,0.941,12.24
United Republic of Tanzania,2000,8.92,2.01,0.414,93.73
United Republic of Tanzania,2012,15.3,2.29,0.519,86.15
United Republic of Tanzania,2013,16.4,1.74,0.521,85.39
United Republic of Tanzania,2014,23.5,10.04,0.521,85.37
United Republic of Tanzania,2015,26.17,11.53,0.52,84.62
United Republic of Tanzania,2016,32.8,17.27,0.52,85.7
United Republic of Tanzania,2017,32.25,16.46,0.528,84.92
United Republic of Tanzania,2018,35.05,18.62,0.537,85.24
United Republic of Tanzania,2019,37.66,20.56,0.546,85.22
United States of America,2000,100,100,0.895,5.43
United States of America,2012,100,100,0.923,8.73
United States of America,2013,100,100,0.925,9.08
United States of America,2014,100,100,0.926,9.22
United States of America,2015,100,100,0.928,9.03
United States of America,2016,100,100,0.929,9.46
United States of America,2017,100,100,0.931,9.92
United States of America,2018,100,100,0.934,10.12
United States of America,2019,100,100,0.936,10.42
United States Virgin Islands,2000,100,100,,0
United States Virgin Islands,2012,100,100,,1
United States Virgin Islands,2013,100,100,,1.68
United States Virgin Islands,2014,100,100,,2.94
United States Virgin Islands,2015,100,100,,4.16
United States Virgin Islands,2016,100,100,,4.13
United States Virgin Islands,2017,100,100,,3.46
United States Virgin Islands,2018,100,100,,3.43
United States Virgin Islands,2019,100,100,,3.66
Upper-middle-income countries,2000,95.57,92.15,,20.95
Upper-middle-income countries,2012,99.02,98.36,,13.15
Upper-middle-income countries,2013,99.09,98.46,,13.21
Upper-middle-income countries,2014,99.12,98.55,,13.45
Upper-middle-income countries,2015,98.89,98.65,,13.67
Uruguay,2000,97.68,78.51,0.764,38.73
Uruguay,2012,99.6,100,0.804,47.85
Uruguay,2013,99.61,100,0.812,51.87
Uruguay,2014,99.66,100,0.816,56.7
Uruguay,2015,99.71,100,0.818,59.4
Uruguay,2016,99.7,100,0.821,60.32
Uruguay,2017,99.8,100,0.827,60.82
Uruguay,2018,99.8,100,0.826,60.86
Uruguay,2019,99.9,100,0.83,60.76
Uzbekistan,2000,99.59,99.33,0.603,0.72
Uzbekistan,2012,99.99,99.98,0.692,1.34
Uzbekistan,2013,100,100,0.698,1.19
Uzbekistan,2014,100,100,0.703,1.4
Uzbekistan,2015,100,100,0.707,1.71
Uzbekistan,2016,100,100,0.714,1.61
Uzbekistan,2017,100,100,0.719,1.75
Uzbekistan,2018,100,100,0.725,1.49
Uzbekistan,2019,100,100,0.73,1.57
Vanuatu,2000,22.14,6.75,,48.65
Vanuatu,2012,43.79,29.85,0.587,39.28
Vanuatu,2013,31.7,13.76,0.592,41.26
Vanuatu,2014,49.06,36.17,0.597,31.74
Vanuatu,2015,52.21,39.89,0.599,35.91
Vanuatu,2016,57.82,46.59,0.603,33.4
Vanuatu,2017,62.8,52.94,0.607,36.13
Vanuatu,2018,61.75,51.05,0.612,29.96
Vanuatu,2019,64.59,54.4,0.622,31.86
Venezuela (Bolivarian Republic of),2000,98.9,91.86,0.703,15.29
Venezuela (Bolivarian Republic of),2012,99.21,93.51,0.772,13.71
Venezuela (Bolivarian Republic of),2013,99.26,93.77,0.773,15.29
Venezuela (Bolivarian Republic of),2014,100,100,0.77,12.01
Venezuela (Bolivarian Republic of),2015,100,100,0.768,15.33
Venezuela (Bolivarian Republic of),2016,99.4,94.93,0.761,14.51
Venezuela (Bolivarian Republic of),2017,99.2,93.23,0.749,14.31
Venezuela (Bolivarian Republic of),2018,99.91,99.25,0.741,14.57
Venezuela (Bolivarian Republic of),2019,99.98,99.8,0.724,15.62
Viet Nam,2000,87.83,84.2,0.604,57.73
Viet Nam,2012,97.89,97,0.698,37.9
Viet Nam,2013,98.55,97.88,0.704,37.35
Viet Nam,2014,99.2,98.85,0.711,36.64
Viet Nam,2015,99.82,99.73,0.717,30.33
Viet Nam,2016,99.2,98.78,0.723,22.48
Viet Nam,2017,100,100,0.729,25.02
Viet Nam,2018,100,100,0.737,21.81
Viet Nam,2019,99.4,99.05,0.744,18.65
World,2000,78.18,66.18,0.651,17.63
World,2012,84.64,73.94,0.717,16.99
World,2013,85.14,74.46,0.721,17.26
World,2014,85.55,74.58,0.726,17.4
World,2015,86.53,75.63,0.731,17.54
Yemen,2000,49.19,33.93,0.439,0.95
Yemen,2012,52.41,29.26,0.503,1.08
Yemen,2013,75.6,64.03,0.507,0.76
Yemen,2014,66.1,50.62,0.502,0.76
Yemen,2015,67.31,53.57,0.475,1.96
Yemen,2016,68.86,55.67,0.467,2.48
Yemen,2017,79.2,71.44,0.459,2.8
Yemen,2018,62,,0.454,3.6
Yemen,2019,72.75,60.68,0.458,3.11
Zambia,2000,16.7,2.07,0.429,89.98
Zambia,2012,29.01,7.95,0.551,84.63
Zambia,2013,29.89,8.14,0.557,84.56
Zambia,2014,27.9,4.18,0.559,83.77
Zambia,2015,31.1,4.7,0.565,83.09
Zambia,2016,35.43,9.96,0.565,83.07
Zambia,2017,40.3,14,0.57,81.89
Zambia,2018,40.32,12.47,0.575,82.28
Zambia,2019,43,14.27,0.578,84.5
Zimbabwe,2000,33.65,7.27,0.458,69.26
Zimbabwe,2012,44,23.75,0.545,77.5
Zimbabwe,2013,40.5,18.7,0.554,78.87
Zimbabwe,2014,32.3,7.69,0.56,80.27
Zimbabwe,2015,33.7,10.95,0.567,80.82
Zimbabwe,2016,42.56,22.09,0.57,81.9
Zimbabwe,2017,44.18,24.53,0.575,82.46
Zimbabwe,2018,45.57,26.62,0.586,80.23
Zimbabwe,2019,46.78,28.4,0.584,81.5